-0.6626735791238826,-0.5962519930895801,-0.2167369916233344,-0.2020343263745107
1.0656883695110833,-0.24862976241697657,-0.11398511417295046,-1.4512546713914805
-0.49249131181738853,-0.5198084478418593,-0.13451432716603054,-0.40526152334671156
-0.7659639758645066,-0.5779021603330782,0.022445676807018942,-0.10930788426667143
-0.09657360430876978,-0.37563648027551033,-0.09779643683145516,-0.7706394370424189
-0.9173022839547694,-0.4992375784806766,0.6430063103992708,-0.0009670359582296738
0.14085057752597407,-0.37252661094662604,-0.3335246445503388,-0.9195514358296696
-0.25521646295520667,-0.5076519294670689,-0.4249530008121951,-0.5961844065439239
0.3387587426373813,-0.19442615783124562,0.1857179453533367,-1.1065332590348989
-0.8299318100951245,-0.5428850235255197,0.2893542191289711,-0.06640487602143648
-0.054164830087372204,-0.25736899036169203,0.31629015267897576,-0.851609458395402
-0.2691657551704172,-0.31157323849998814,0.39803015462370317,-0.6855585556279329
-1.2085137162864799,-0.6165614501017245,0.04471120820732577,0.6491042109696044
0.7420267978852699,-0.2345620616645686,-0.09862607782093791,-1.300187153790172
0.5304932775421829,-0.3292546622639231,-0.4028376320871206,-1.1547799357397937
0.1984828964072791,-0.30239125296032215,-0.11641234068292812,-0.9836263767535097
0.7825973631624733,-0.31132317272157284,-0.3788324286064568,-1.2902757215572125
-0.4683695893342805,-0.5349520509643108,-0.2367620414135812,-0.4162786382131256
0.08863781588633146,-0.3288342229615564,-0.11891522967789596,-0.9076017674172956
0.13801082409002544,-0.3410842022872809,-0.21151317701391661,-0.9316684015844162
-0.21035568017241815,-0.47844357650036384,-0.3650928538534771,-0.6433623244095128
-0.5411008766006458,-0.5619160438864343,-0.2445663304696558,-0.337836507223234
-0.525027354665071,-0.556244263375157,-0.24390750188665436,-0.3554115006972882
-0.1955246760357054,-0.31175135559365963,0.28838629786664105,-0.735515600395584
0.04475089578387638,-0.4313335618745072,-0.46989297649360723,-0.8345958420465411
0.1041296980546824,-0.34458373099076395,-0.19393929615818456,-0.9099668732203278
-0.5600137268008222,-0.5513038736523665,-0.16880990535617418,-0.3278525645903571
1.1165477362592986,-0.2550860354400607,-0.1229516597709423,-1.4727421192093797
-0.12455591033416558,-0.3548593883501165,0.01951963106548737,-0.7621426322636465
-0.7013236680434526,-0.4710890223700065,0.42821040171930375,-0.25056281496535787
-0.9285046560333308,-0.5953110218789022,0.15115348430571582,0.09871382443218812
0.22920826640611092,-0.4230196484610599,-0.5942618894107325,-0.9491547346230401
0.009326030677681485,-0.3197477906309102,-0.0018481176836955494,-0.8633371963088384
-0.23944009892572612,-0.31715604317399154,0.33025094023535073,-0.7032553303497787
-0.8239854141921297,-0.5484260181191214,0.2528529437105259,-0.06866817591384639
0.610243108277326,-0.291911823646424,-0.2881877256319259,-1.2111862206138073
-0.862743787682604,-0.48991724851633156,0.6069089614886128,-0.07154174105819122
-0.5118040549780989,-0.43842134374641073,0.25227423181521264,-0.4371106291330438
-0.7705412537659065,-0.5026791811254698,0.3938378015290916,-0.16044508435158797
-0.5034194419578587,-0.48726534364107066,0.024449318726224894,-0.41549429434783175
-0.041716305150660174,-0.3565018837047858,-0.08761533402087497,-0.8147691671882259
-0.8702255497491879,-0.5324990676162257,0.4015258303506356,-0.02881067909468388
-0.8184166723871988,-0.5462085391731895,0.25556473542384534,-0.07661516834098626
-0.2424162476696387,-0.3563097308821591,0.1745814788173054,-0.6821911129966783
-0.6825507773609316,-0.5677002732723532,-0.05466494406647371,-0.20252235567549529
-1.055865021273059,-0.6174469672903652,0.1302242792663569,0.31432918224593676
-0.5761211442546635,-0.5141712686071467,0.021961519452850256,-0.3370349170287748
0.42232578895430417,-0.17873575818873866,0.19546732996091698,-1.1577459571199116
-0.6375078128797719,-0.5449053858909292,-0.019444823268389165,-0.26140645347160596
-0.5766264591191741,-0.43842709560304616,0.3625681349130371,-0.38306915477185804
0.20610068264443293,-0.21340274941266715,0.21319469089919973,-1.0250983029510394
-1.1093642152726544,-0.6085440520057799,0.19328565557496002,0.40121652124918594
-0.7487718884365437,-0.5855208961141698,-0.03942439833274836,-0.12187358664608947
0.48438462643731617,-0.22812791523960307,-0.015089782178203235,-1.1711374179482608
-1.011385859657951,-0.5754841086343966,0.34401999720067294,0.19552802324788374
0.0646387840051722,-0.3830617722577724,-0.30358513585213415,-0.8689115388671408
-0.09834226062029323,-0.33439006510750197,0.06754379722060136,-0.7887445683641703
-0.9000898217156472,-0.520187952949703,0.5085173667286306,-0.003881495175900953
-0.8329432765343964,-0.5044719997733121,0.48605235981780454,-0.09310113734375837
0.06491096990054358,-0.23131407239347426,0.27995024533365903,-0.935534718695181
-0.456041222154392,-0.4642466081852297,0.04888939826324651,-0.4673362539695382
-0.489990428032974,-0.4133867162490316,0.3252734525555832,-0.4690036305605114
-0.3805712622774148,-0.43785642377976375,0.043292117990863736,-0.5405673706483696
-0.9591501814944562,-0.5687116336506346,0.32837936645311,0.11458680044764874
-0.16359886095060988,-0.285130999736101,0.35070112872255516,-0.7690870750256015
-0.9936026786088581,-0.5496206472487042,0.47104196803353965,0.14346994008604405
-0.21967897846284504,-0.46947387755902376,-0.3167271412468465,-0.6413913041909528
0.5827608313145953,-0.33819074170094876,-0.45057592505979016,-1.1784004109365298
1.1008955943712393,-0.25155375430475235,-0.11478484068271093,-1.4667355333653287
0.21846687899345194,-0.3903120900968224,-0.46329862916094083,-0.957293411325703
-0.17560052591284012,-0.3524635247089047,0.09633813208249391,-0.7294753066018447
0.6589820216360184,-0.381977212237855,-0.6257968609315301,-1.1997669283906414
-1.0029694930315158,-0.557088684582163,0.4392885939265743,0.1642286584342241
-1.068613715870761,-0.6190312567670485,0.12475648562886958,0.3387583318175175
-0.8790067813346168,-0.6182231501450728,-0.02598494857327383,0.05552130292001366
-0.36781758724677943,-0.36808705441065387,0.3177115011552247,-0.5869799286098437
0.32099343229924765,-0.39675334104004045,-0.5560440277841094,-1.0129909082996964
-0.5190593474894565,-0.47609520972691066,0.09859944782593381,-0.4091021939109605
-0.24712146879542932,-0.35855173957599273,0.17225026726927334,-0.677839202575238
-0.815065976983666,-0.5218706403316441,0.3711870455778689,-0.09918383988696015
-0.6882990331423425,-0.4283578664794443,0.6060591079815335,-0.29072817107915555
-1.1055338148875675,-0.5911911654054234,0.3020786781871903,0.3704898128407606
0.46482569966953213,-0.20749667352313322,0.06909979257308874,-1.1689716415662128
0.22996166720476174,-0.23962062298480222,0.09482227575582332,-1.0278391440702608
0.2756144306097376,-0.3810246833484099,-0.468726221466241,-0.9941301434737924
-0.14558388054003582,-0.3992912340150471,-0.1306452200780083,-0.7270482688122704
0.9437216227588066,-0.2045691236904101,0.019942094235056898,-1.4100140912133936
-0.018413595898869702,-0.4346745399681632,-0.4183979455722143,-0.7932328728643803
0.13261547053164488,-0.4205627477182952,-0.5091100330300432,-0.8932119523539434
-0.2577006832073557,-0.34005585075082173,0.2635971429273317,-0.679594819621942
-0.5856346273850511,-0.5094654475490731,0.05836890446140136,-0.33159168589176485
-0.7751993439537912,-0.5517373515652337,0.1630261059416456,-0.11930334397216931
0.8853451352831878,-0.33037111502105637,-0.4435071246294487,-1.3331292972922753
0.4720734524679268,-0.3761254556273053,-0.5540776700470758,-1.1045092453975776
0.4722173799654753,-0.3403345228613361,-0.42244444672841885,-1.1194157641601026
0.14238624482200885,-0.3032430562144423,-0.07153908696929848,-0.9506363891970216
-0.9688439362493734,-0.5570340020130711,0.4027890670737246,0.11654091345166799
-0.7080491697273827,-0.43307323636831,0.6193632547143296,-0.2693980285218864
-0.42139040071873324,-0.5266872631043934,-0.2713163185145941,-0.4593094173389952
0.9812887341906836,-0.23665079578320955,-0.08985365338970513,-1.4157644144864334
-0.4903808644231571,-0.4653703732240048,0.09903563478950861,-0.43901089047206676
-0.80478136051701,-0.6317080779440611,-0.18619171286730546,-0.023055154842105293
-0.8023389222296621,-0.5041882222681665,0.4383155173175753,-0.12621313935633674
-0.25480794161508863,-0.3631754013704844,0.1645284079016318,-0.6702293026725393
-0.4337429038646198,-0.4597533591546091,0.03298321701088486,-0.48752471632004823
-0.40037826168621854,-0.5412580703973673,-0.363634409389793,-0.46768516745652966
-0.37309120409924007,-0.3326967412465052,0.4758640818343818,-0.6013449492697585
-0.2394274205654567,-0.47781373709254443,-0.32447289647768135,-0.6231155628869648
-0.513367839563199,-0.4817379065284052,0.06460942232970315,-0.41050018309926517
0.4872534109469645,-0.29961699247222195,-0.2787543408844513,-1.1440344439408971
0.6954973624615434,-0.21837108194208926,-0.03536911077542293,-1.283236188995618
-0.1186997730357359,-0.3143465972255159,0.17320424120962036,-0.7848390071810241
0.43666168206553635,-0.39211062814789516,-0.5983709186214129,-1.0787377813003125
-0.8768638250611155,-0.5689040048306605,0.22454967352812158,0.009595274843675367
-0.8522205729251882,-0.6224979750915081,-0.080237770187326,0.025887224090121376
0.49802858101232356,-0.19512856029988515,0.10053855749832,-1.1912573224603604
0.6441103773313448,-0.28382879878347317,-0.2656201345924845,-1.231696346578108
0.15160304555621368,-0.36593794426149584,-0.31775791538635995,-0.9288243043401399
0.8968300279028847,-0.26623193231464737,-0.20980331725562537,-1.3637957152889713
0.7346283380864085,-0.33579405265040757,-0.46581137799602845,-1.2566738466799212
-0.14473818135555566,-0.2726307028662656,0.374660130779018,-0.7871302828635747
-0.8667149309640741,-0.5583163419025545,0.2647587779617085,-0.011506677917033501
-0.843948575040571,-0.5781025067563703,0.13292299861167567,-0.021797375625739145
0.7147679891680656,-0.3654592198338533,-0.5722060642067403,-1.234770593242529
0.7051581106143279,-0.33756815635597054,-0.4698047628751209,-1.241167751353018
-0.3527461393767452,-0.4593914014655495,-0.08923604385037516,-0.5499431028802284
-0.2893008262119912,-0.4089777678733182,0.026633177651428055,-0.6228939665489284
0.4123873884590366,-0.21245017641077396,0.07615935886272542,-1.139150337303514
-0.16143329026619452,-0.44376003550301185,-0.28814706603791534,-0.6946287601533329
-0.3187761327436919,-0.3995845976079229,0.10928197082419852,-0.6064950188011795
-0.35711363613243013,-0.38234222317357874,0.24060275261042352,-0.5874422457321595
-0.18858717199382682,-0.45514705866188776,-0.2992982254590898,-0.6703351262227197
-0.9492122606680976,-0.5447055017520125,0.4458602309991936,0.07885564387677486
0.4575400324266077,-0.36328851511922955,-0.5009498124140288,-1.1020630614024527
-0.013147543630835668,-0.32451334927254405,0.004676084731564406,-0.847265544790907
-1.1428384835776852,-0.6078228588119375,0.18822582576835217,0.46911838853639404
-0.4893855149976996,-0.3780257014389716,0.47883092918021714,-0.4892168786280271
0.06994807853719057,-0.2861890758135994,0.06344113723869024,-0.914975324051027
0.4813366126264756,-0.31180174185045845,-0.3211903727178644,-1.1359500888444989
0.14119090806839354,-0.3499425984710797,-0.24799548877532074,-0.929678717787874
0.32057912297368496,-0.23613751461675217,0.042244647487507614,-1.0798371115017218
-0.261676960928821,-0.3404022726405885,0.2681044534143446,-0.6766716399729062
-0.033925060877618665,-0.3895204064969808,-0.2255016034263665,-0.8044659154433248
0.027110299494597704,-0.3978978704524106,-0.32328023503299275,-0.8390095181760074
-0.49648559671155196,-0.38897523104317444,0.4432139240716782,-0.47752165411219766
0.2699092420785562,-0.4135457325190466,-0.5867068792396739,-0.9767714433570712
0.5749294246509941,-0.4001382913902619,-0.6753011436904718,-1.1488943815396002
-0.12498302529645902,-0.312499699271864,0.188782396272055,-0.7816182275727743
0.050528722836199906,-0.35792528325897194,-0.19289557756156386,-0.8715832042295872
-0.8083228532410067,-0.4708661034969737,0.6126012132627443,-0.1445868935482113
0.5974911601502974,-0.3506789134071054,-0.4997767684033205,-1.1809468890203083
-0.9901322806871875,-0.5264053958964459,0.5953225846189137,0.11609371780468092
-0.8673139112897713,-0.5041656398685183,0.5416401375809785,-0.05511538866832203
-0.06544716727189157,-0.3526487606890989,-0.044708487989323274,-0.8014345087993503
-0.5502473711635191,-0.44083183847620605,0.3065653362166659,-0.4039085576086672
-0.5132309186367551,-0.5683739240327564,-0.31466289118513807,-0.3580827194040482
-1.0879227924575896,-0.5988584583910151,0.25183514421045955,0.3479534307995948
0.8662996840250687,-0.27334195502194875,-0.23840022636324862,-1.3462251049510738
-0.3051644087476536,-0.3921535812993345,0.11964694665970703,-0.620123019027488
-0.8725166176745964,-0.6249313640548165,-0.06809695428429348,0.05333455235140042
-0.8873029492908776,-0.5184885507046049,0.49856652517140654,-0.020424964827633375
0.34478288315528194,-0.2815684803259328,-0.14188171187474008,-1.0745993051071578
-0.9797245937528863,-0.5836582321026902,0.26869899171832623,0.1578318941243842
-0.5278919007494675,-0.4278140594219682,0.32622444410454987,-0.43007423683098367
-0.8250910575575345,-0.5506960549835967,0.2431858224545753,-0.06563156274071306
-0.4632849283555875,-0.4468592843012465,0.13555214203522448,-0.4714166868312871
-0.254914766145813,-0.4652021438355495,-0.2523375026295109,-0.6185806354781803
-0.15434614801523938,-0.3980425573821141,-0.11445825084130362,-0.7217867115286648
0.19489180316624702,-0.42230342390673176,-0.5661561935657257,-0.9294273157715323
-0.2108263121424264,-0.3714078909831159,0.06823902368048491,-0.6965103689748475
-0.9572873411766354,-0.5596185984092955,0.3753929837551397,0.10342381771726689
-0.1880152897680532,-0.49323669968940415,-0.4530252620903555,-0.6514479544073906
0.5897707678134214,-0.3509278156589998,-0.49885931280232015,-1.176851036481636
-0.21783086701831297,-0.46340715636879565,-0.29461839851250604,-0.6457869223756397
-1.015995343235873,-0.6478899252941507,-0.06462421343681309,0.28315345366418015
-0.34700684759356737,-0.38505637135868537,0.21333607465114351,-0.5934405534974544
0.1801970235131743,-0.3016153975955183,-0.09833073674149741,-0.9733890305231435
-0.6365027825114823,-0.4493548467368903,0.4168768898951935,-0.32420289655444795
0.5656161563461648,-0.23746590919827704,-0.07786861861158623,-1.2097792879345324
-1.068003508387372,-0.6359419633454216,0.022499592687688967,0.35929864454709426
0.22415188910428188,-0.22357248520575188,0.15989724259491958,-1.0311543451373366
0.22485150344815494,-0.38259148086603084,-0.43897756190100834,-0.9643580891759579
-0.9043714184936829,-0.5293825288885909,0.4668400962610036,0.00905547961063481
0.18891734919011943,-0.21375491746840639,0.22662463455360146,-1.0151765330403664
-0.8182482522591097,-0.5352104630059099,0.30991935275115984,-0.08539876037411596
-0.7761255076035192,-0.5211223809566128,0.313276832027032,-0.1411813062130392
-0.4497290510045275,-0.49443286531575414,-0.0908293125581689,-0.4551401588876507
-0.5912017193772259,-0.5850189088717126,-0.2719763144912723,-0.2778213143516935
-0.5806027449156188,-0.4294826119543047,0.4097053580544116,-0.3850514342928623
0.37265945515733395,-0.3439627705966573,-0.389172258819809,-1.0640478523672479
0.17467426178894016,-0.42509374611844514,-0.5609650955088751,-0.9162587949153459
0.06160580965769388,-0.3505813949805751,-0.17576560107221642,-0.8816298455177393
-0.675763787833953,-0.45680684160720725,0.4508590927981772,-0.2838551537628249
-0.46661935842567015,-0.5117249093236251,-0.13928441201729164,-0.4314114492606961
-0.8129192644015352,-0.6208887225297399,-0.12221154795010797,-0.022546422047757215
-0.7736975791059265,-0.5717115202105919,0.06380834586077462,-0.10572095229488324
-1.1270154331200681,-0.6045081330491372,0.21607402290894978,0.43087594105445565
0.31810941601499493,-0.2143176250088579,0.125174514197661,-1.0872708603701933
0.4276299783435762,-0.2010972919721646,0.11026451051426549,-1.1517785487317265
1.134257621202418,-0.2258933830422061,-0.011239270024453933,-1.492200803071744
-0.8719475051159696,-0.5725040293909697,0.19948845926068862,0.00673936325972296
-0.7029026630781542,-0.4455560726225517,0.5512878383130914,-0.26601042371993366
-0.9639116296967862,-0.6191626415711421,0.059086149194632474,0.17118139214261108
0.834020384927242,-0.31639846921806525,-0.39645379363315647,-1.3135968457907818
-1.0697543546896404,-0.580858205425859,0.3539513431329423,0.2939622802167434
-0.11339391429661194,-0.39535827704742427,-0.15525200825414462,-0.7502858337985904
-0.319021732001515,-0.33932737857621675,0.3605963927722628,-0.6369332672123665
-0.9794056041178766,-0.6488285159575492,-0.09169385730780874,0.22566729236729682
-0.1803864293996233,-0.4831697064949573,-0.42215950378363776,-0.6618764200054821
-0.0703659976959242,-0.4424260448662294,-0.39164667791667285,-0.7559934691386285
0.6781103271214083,-0.2455994793235999,-0.1320370730036577,-1.2639343930790587
0.11256295557327614,-0.37157798626584415,-0.3047838096294961,-0.9030847159018314
-0.453187665446746,-0.46249258326761533,0.051918189646248385,-0.470604704460246
0.2281431175924047,-0.392441933272672,-0.47844459553578716,-0.961966207394137
1.0308458087037535,-0.21433990370765832,0.0017488131785096351,-1.4478395674480589
-0.2255540790559772,-0.39355388230087035,-0.0011292082252674855,-0.6754996119532815
-0.19679213307288576,-0.3394979919811672,0.17789507887753098,-0.7214316039007297
-1.111208506471827,-0.6105960198738761,0.1801274187136485,0.4076849663750542
0.94756608774317,-0.30687123594310534,-0.3503454272394704,-1.3724441396257592
-0.6413812333112292,-0.5176559944508365,0.1115172748984386,-0.2758560559290096
0.2922956009072826,-0.29765864359973365,-0.16838419633206803,-1.0388565048009906
-0.6972887280459894,-0.5277972388514324,0.15488896870741684,-0.21587627986597338
-1.018249070625911,-0.5601111199794354,0.4370723285889142,0.1896041647148572
-0.40634841184173054,-0.5261027193280793,-0.29090591118514714,-0.4716233690000254
-0.46314218762735876,-0.5389384142641039,-0.2617562311293424,-0.4182307865113053
0.9083224315319652,-0.2355239196152022,-0.09718310790825666,-1.3811829878242858
-0.8844122254934293,-0.5596906238720954,0.28213479540757386,0.010834920969488205
0.16517862096829075,-0.37762373531772203,-0.37348581598402336,-0.931701225646217
-0.7872747373285028,-0.6277190817624331,-0.18955271996878773,-0.04652660302748981
-0.49813794507213344,-0.47656208846488635,0.06273483055341009,-0.4261457838024998
-0.9091326993716122,-0.5207092795148648,0.5188407869193501,0.007410047417998074
0.06326115285532895,-0.2996221135588908,0.018622740198368355,-0.9051044476453926
0.4178593495875676,-0.3975775332471955,-0.6101554519354773,-1.0662114576029385
-0.6736688717078996,-0.49229056174796987,0.28198326698604614,-0.26250973654364407
0.17808121119529052,-0.2727788394461476,0.012629811113086274,-0.9843658180537179
-0.9916158473602472,-0.6202558317303757,0.07636847494339044,0.21340010168369203
-0.3604444019440757,-0.5110257066724844,-0.2939195793376823,-0.5159057586226035
0.10223484777184723,-0.37947846034996613,-0.32549234138468913,-0.8933546364234378
-0.22883204468806845,-0.32626308165370327,0.277450361139728,-0.7060983984843168
0.677414955989294,-0.33818852782307834,-0.46880896790425414,-1.2269020679364648
0.48356599430426467,-0.3915262688527511,-0.6151683435739256,-1.1042234498708232
-0.14457654008583093,-0.42911295845613534,-0.2507892156775932,-0.7132363958957751
-0.8829206867258105,-0.5616449914470687,0.2700429671161538,0.010704097376244393
0.18785901422146137,-0.3135518409128908,-0.14984951276284217,-0.9727339230557206
0.27842682497349713,-0.23539421592637935,0.07398204979745117,-1.0567767251364302
0.9062229781901321,-0.28222012110738015,-0.2666923287590045,-1.3621321968138511
0.8491493653660858,-0.32461987093991834,-0.4254927873792409,-1.3177562038365904
-0.4031681411351488,-0.5197801755659404,-0.268806453135651,-0.4777409205590063
-0.7841521873736321,-0.5492230190056158,0.18891205348644868,-0.11164346444022809
-0.8070370678871385,-0.5831330711863805,0.05623955589726881,-0.06007009177376789
-0.3163946997326992,-0.4925957325423944,-0.2798071445335871,-0.5592658380337773
-0.6521768986464588,-0.5729221746689919,-0.12513803480408997,-0.22849302700201612
-0.3196127995996823,-0.3862029229061406,0.16625697682419796,-0.6127504604129729
0.03910513201853603,-0.2645523144851891,0.17947772688318675,-0.9057805127601688
-1.0091603080884346,-0.5336631209475359,0.576691971357034,0.14951666753366494
0.36375097387758043,-0.38066294372672,-0.5204601830920161,-1.043680481056907
0.2605913884913434,-0.33894481811111143,-0.30093363595316236,-1.0036129244370449
-0.4324680443308486,-0.3631062896326285,0.4457537166345907,-0.5413101413786693
-0.3197691696371806,-0.31466596943220987,0.4646277330719463,-0.6486973060213274
-0.7531595838159021,-0.546093855297605,0.15638811037654937,-0.14667196086127915
1.0899675620049567,-0.23766957065524302,-0.06748723223021456,-1.4668994993336013
-0.7476543431119212,-0.587930750252535,-0.05259758212580546,-0.12123961858503603
0.411394038141343,-0.31772313055948814,-0.3120566615621039,-1.0960483676525317
0.15841992905637753,-0.3279730054835287,-0.1795886556588332,-0.9493817760212172
-0.7406140586019477,-0.5525501298933625,0.10601155767650487,-0.15488961598149828
0.07599570779644263,-0.41634728247552333,-0.4422060520132186,-0.8607691229098056
-0.37179684356013215,-0.4775600016351216,-0.13712358986824358,-0.5256493634432455
0.49134205320180174,-0.34743338708300103,-0.4559180400493002,-1.1266715263547027
0.5296039946430843,-0.24733663518300822,-0.10253271349836551,-1.1872100418790674
-0.2705590141628295,-0.46423437409843304,-0.2269589907918926,-0.607847966321715
-0.9530778850499103,-0.5151854337435235,0.6092003697183715,0.057018815756524344
-0.221926145018246,-0.33289984796842653,0.24039212206481303,-0.7075986548573382
-0.924896856348682,-0.6112099239284885,0.06285126132565634,0.10895484238750848
-0.7347463192286644,-0.5123106164586195,0.28886426262896886,-0.18977346414342403
0.5278624244882637,-0.3920260754404197,-0.6322134914708204,-1.1275514232123178
-0.7580894574294661,-0.5683238526305103,0.056950690654589846,-0.12495713190266174
-0.8195468721665929,-0.5133576729204522,0.42049197601064514,-0.10084922982923973
-0.9579630141138963,-0.5623639089832015,0.3613493206349445,0.10693126854485575
-1.1449745083984195,-0.636566631500781,-0.006168859066816161,0.5193819431352987
-0.6298047450516177,-0.5288013520052983,0.04189278337313434,-0.2792364447489865
-0.18868612384040598,-0.374958018053005,0.023506645468950423,-0.7098357846631128
-0.6247324735674923,-0.5660537246595505,-0.1356649165839731,-0.25924414008112107
-0.16429076639228266,-0.33549060831528515,0.1493050154874967,-0.7450881876733829
0.3039246956824219,-0.40513079845564043,-0.5769601697017757,-0.9997656876213838
-0.869102586538405,-0.5866884774325766,0.12321677666766162,0.015465685255246399
0.2264305386089914,-0.3625029043797865,-0.36459784623861385,-0.9739803509004364
-0.9513201220739391,-0.5467725245635744,0.4373904485273492,0.08351416020579405
-0.9054950990152939,-0.5128421210284915,0.554587701275688,-0.0036167685450804827
-1.0055530050225008,-0.6380021861474104,-0.013880779077304334,0.25472941375367036
0.82698165148045,-0.2070251285828334,-0.0001227525826799196,-1.352603308405053
-0.5506216271478128,-0.42634765468450486,0.37172689062335257,-0.4121334686740168
-0.36991043149343666,-0.47826591732150603,-0.14288349860114535,-0.5267026950118564
0.039384687633429984,-0.23498633842024766,0.2935327491483609,-0.9186867550012665
-0.8895915435772589,-0.5841513204277071,0.1627093002222404,0.03846832229749749
-0.21540861953622137,-0.36509832521397906,0.10021870629658092,-0.6964581801307403
-0.3097666445837713,-0.44253243250426805,-0.08216995447324382,-0.590727937875998
-0.3405468025131832,-0.40623111061002376,0.11465296492588183,-0.5871771778022232
-0.2328650159699025,-0.4815542900478906,-0.3483312811331853,-0.6258532691557475
-0.43082885157172873,-0.3770970235324457,0.38285757970864365,-0.5350740956252794
0.5384398220812309,-0.2604908295841893,-0.15364358737085293,-1.1865932630103087
-0.021399329558427833,-0.35127827056661926,-0.0903392160896321,-0.8299817832990625
-0.5836959026030414,-0.5436892331267487,-0.0982123851530846,-0.311574162382001
0.12907272708827083,-0.3106296460246967,-0.08754534644622936,-0.9396137826073576
-0.7458757051244745,-0.5703522379761752,0.02890347341187359,-0.1362956344740159
-0.18953928607655982,-0.4407795883954082,-0.24031798378869176,-0.6768705001497409
0.09201001389654494,-0.35992104901367994,-0.24116578436337613,-0.8958985532870306
-0.3289179852483415,-0.5169383082293384,-0.36309305359050764,-0.5366633327354862
0.15969468643190607,-0.25536254322766866,0.09484028080040624,-0.9810603416445532
0.29512394602800224,-0.2242897590076915,0.10365296060615464,-1.0705668530475079
0.21672799271642643,-0.2600276430918002,0.028577418212225265,-1.011872358418432
-0.7499207170260588,-0.4811216825478795,0.46354720357436296,-0.19660484612791357
-0.984571007088896,-0.5388045880046666,0.5205942514542684,0.12042851853999322
-0.9985349043578925,-0.6207498691076215,0.0788078385511178,0.22453365692824112
-0.9869463069474208,-0.5120761584116006,0.670154659582675,0.09823348110988966
0.5660744703269739,-0.29218707286573403,-0.27798731976317875,-1.1883027680242364
-0.4663923226172228,-0.41790637078726234,0.2660606315961607,-0.4851923860398386
0.8040274977179556,-0.2858134685565342,-0.2863178685121792,-1.3108910877068893
-0.22571169722247503,-0.4913493965548018,-0.3973731455798998,-0.6258727353690227
0.023826467886639006,-0.276715275608383,0.1491434390471436,-0.8912119332233387
-0.6891867827953551,-0.4262981864815859,0.6173113651795495,-0.29123965814948083
-0.01362566469498025,-0.4515354995893987,-0.48904583193494605,-0.7883282342651309
-0.5325771304475491,-0.45419595206535257,0.21746313412339827,-0.4107709535944608
0.6110706988451362,-0.2553184818916305,-0.15492580661720604,-1.226107591656096
-0.358083615056179,-0.4397877780085887,0.0008449232827898267,-0.5564564528208775
0.19623256862725483,-0.2861115995804935,-0.053112179633846346,-0.9892260399692044
-0.052957039409125675,-0.4443898464058038,-0.41882913203257544,-0.7663904413635587
-0.9323423766591875,-0.6375581423192412,-0.06966504417632949,0.14480778068320635
-1.005948246682322,-0.6110493234357756,0.1389041937548107,0.22539192072616404
-0.6456055708009987,-0.4802258737020873,0.29055281329585037,-0.29634174907904554
0.7310235167549188,-0.3215581956404887,-0.41382242058457674,-1.2605518573651597
-0.36680005909152036,-0.36244011966070044,0.33990179440492496,-0.590652016616663
0.5955608277249843,-0.19392632841373375,0.07283392945373285,-1.2421235877417889
0.13914571083099284,-0.26316478223013867,0.08394935043860152,-0.9658125317545929
0.6092840540406484,-0.3168317144038888,-0.37887820371606057,-1.2007182077488787
-0.8485874493508309,-0.5485786257238927,0.2882850692587983,-0.04067342932079868
-0.8561216835647523,-0.6367455168262904,-0.1476960267247941,0.043273885945080165
0.44048497623587224,-0.3835121762273191,-0.5682886944569154,-1.0844238686904777
-0.5531370992120136,-0.40976436143094935,0.4500533364418664,-0.4197437375003331
-0.5949219303062749,-0.5388067055988669,-0.05872954306776731,-0.3045965045395246
-0.1835195106473742,-0.44458232041048895,-0.26336996115009903,-0.6791151386412915
-0.778730662858344,-0.5419696942832272,0.21593794006085196,-0.12290899484952507
-1.082115784259587,-0.5894136873644508,0.30771068180612265,0.32567148704395266
0.13463880211861853,-0.21931571145398684,0.25525042473066345,-0.9816129965886665
-0.7443157458586255,-0.5787036868127929,-0.013369671579162256,-0.13170157588354006
-0.46511225775249365,-0.5221059278967263,-0.1863256595425566,-0.42655250639273484
-0.04179334598517386,-0.39530446103887784,-0.23928069073839503,-0.7967550257843916
0.5612584767161564,-0.3701213120805834,-0.5617171688108116,-1.1541604465991602
-0.4511063983984972,-0.42265269931353155,0.2203220221337597,-0.49456532834956884
-0.571127747177209,-0.552907667922462,-0.15886069344742798,-0.3169365055323103
-0.7354124465167325,-0.5898029943493421,-0.07942752238840942,-0.13275584915824273
0.8362756869756502,-0.24658516181289733,-0.1432124948808199,-1.3419571713578418
-0.7201957163100456,-0.56691094717059,0.006468439604575306,-0.16535175090401003
-0.6471021964682203,-0.5421136574756711,0.008455154295726361,-0.2542555360083881
-0.3443940541830531,-0.514993152921133,-0.3333039394904996,-0.5259883125159527
-0.5048955789006829,-0.5143082072995083,-0.09133152118201102,-0.3981737138716083
-0.02903849794376267,-0.24983423406990038,0.31499842665442457,-0.8705272166262819
0.26402461461615173,-0.20315790455651853,0.20533337139649738,-1.0618491675368542
-1.1226034068847963,-0.5953124077236374,0.2759819638442437,0.4089749615041477
-0.9756853717386437,-0.5703295337218314,0.33773441991595654,0.13887352807673586
-0.49144555546469787,-0.4202684009371801,0.2976552265672055,-0.46395485777321355
0.8815277883674508,-0.2428403478079233,-0.12655229153839154,-1.3654162048950844
-0.04747185829534829,-0.4587354371866079,-0.48098197108527435,-0.7630836217999265
-0.10997062326423056,-0.4689760910321345,-0.4507331983753298,-0.7169158561348411
-0.23318933215002488,-0.4228289796356211,-0.10952153707946448,-0.6555704691452887
-0.9655596274946255,-0.5381558473456117,0.5014446551807078,0.09425312821386253
-0.7187163609425301,-0.43488470741656504,0.6299065041440528,-0.25823766134872617
-0.6552325295594935,-0.4160107207054745,0.6038762845953962,-0.3284072650621667
0.9318092480558807,-0.2431175277416942,-0.12160921227346125,-1.3895813598114806
0.44788394143585974,-0.2771696921597605,-0.17971222891850777,-1.1321986880092516
-0.2961687225014755,-0.33263055866158375,0.35269309529811643,-0.6564301462820266
0.13436109208867372,-0.32246232050340695,-0.13740931843311793,-0.9376130365630672
-0.6307498901577708,-0.46977230253353647,0.31332067827946775,-0.31645779122774853
-0.02636966838735612,-0.38855940973516134,-0.23015024661699948,-0.8097119777422397
-0.1071834313725976,-0.33990709188350154,0.05682016308348395,-0.7804645379672097
0.1720960897307648,-0.3393685897576016,-0.23438714530195126,-0.952456928772675
-0.0792615545544877,-0.39091677698267324,-0.17885685580526006,-0.7746917413722437
0.33914985558583155,-0.22055530898799894,0.08831666038029842,-1.0962895989280945
-0.10253134922510056,-0.3814461117997214,-0.11348892208400518,-0.7640148900532912
0.37359442831899425,-0.19293493024415936,0.16986289294912488,-1.1260176830301896
-0.9602005604689087,-0.6257829575046956,0.01964912522281256,0.17259362260283995
-0.9123599805511559,-0.5725450445110006,0.2519479615692558,0.056773298098500076
0.688523669960561,-0.19643311112576178,0.04530524512416303,-1.2881866923551897
-0.7099847945331448,-0.5200550534866207,0.21181208430115958,-0.2088595229733833
-0.47825943413275546,-0.5416036885476422,-0.2506206884094459,-0.40409994141181654
0.4994775932140912,-0.3223766040096933,-0.36692007072739774,-1.1412485850687248
-0.6093534842910557,-0.44448467351060195,0.3918803451805188,-0.3511809376530158
-0.16390493391874503,-0.33774292988288745,0.1397404283015521,-0.7442794106993461
-0.5302559069305484,-0.5640795721145048,-0.27042058820757453,-0.3459753279786505
-0.6319513436493005,-0.460664810115533,0.35710239137451133,-0.32114250642634373
-0.05844490443475974,-0.41547602498632047,-0.29943147959088906,-0.7765778924296136
-1.1012962531028383,-0.5978777839528819,0.26002129650439676,0.3713664793162389
-0.6096556377477047,-0.5412986101287901,-0.04682233026119495,-0.2895796306585149
-0.6512192119230895,-0.5988082111934041,-0.24538554763649484,-0.2114797744778978
0.9020830289565172,-0.23027985026592973,-0.07890338260046398,-1.3801812379216551
-1.0109400357776017,-0.5694958508482493,0.37737027151507524,0.18859243747903043
0.3684872689983916,-0.30622974604402514,-0.24707417810794569,-1.077439869696264
0.4109758872936528,-0.4086691225560825,-0.6480122902496382,-1.0577451314823114
-1.0023664725043775,-0.6078370567325081,0.15429143912923657,0.21640356160041188
-0.4873351922990125,-0.4019101390990413,0.3709048495010719,-0.4775579989281761
-0.5936554946581182,-0.5251933442247599,0.000526138428458158,-0.31447260096250984
0.004107634380315563,-0.4380807783137501,-0.4552085919810405,-0.8059499638496833
-0.5602247528442742,-0.41651764718420276,0.43229501516840296,-0.40990183535687075
-0.9877833494572908,-0.5856793473779965,0.2653646664336689,0.17145050131094527
-0.7884336366449035,-0.4733945525102949,0.5664320064914701,-0.16327575073177988
-0.862600764643318,-0.48378105194193144,0.6378278667495212,-0.07650816725067264
-0.23425285058952508,-0.38243957085621766,0.05625995924806259,-0.6749834601269036
-0.38990518123068263,-0.46203859665416125,-0.04452792765834589,-0.5202971802618997
-1.1518062724459432,-0.6303605359473358,0.029868574799737462,0.5252420271382112
0.39398239342047175,-0.18259293359610881,0.1964714151995739,-1.1410689196667294
0.7132618190058599,-0.3681747204247461,-0.5819616158492575,-1.2329127279659275
-0.732393234206388,-0.5659840785635402,0.029394888797125325,-0.1535255541544983
0.4750420957447546,-0.2539101283834718,-0.10594074931894004,-1.155964368840737
-0.004503427263297692,-0.422587932697477,-0.3861309812398385,-0.8077448399101467
-0.2206270907003653,-0.30623892850673384,0.3470257671484167,-0.7212427459448418
-0.9542916290419291,-0.5388802003492907,0.48352912364740563,0.08011388648083016
0.45209644512603125,-0.28385901319877366,-0.20621733905562742,-1.1317403292143582
-0.18978594045892175,-0.42514340364325176,-0.17710763908901342,-0.6844788297148267
0.7531609684001982,-0.3324421856237847,-0.4546621447713501,-1.2672685043928564
0.36432770432924183,-0.4098587366799385,-0.629183897077947,-1.0315446523040765
-0.9175496853717385,-0.4817231631076055,0.7350030152073478,-0.015318053227377459
0.5544927543570323,-0.2916802872791627,-0.2727674642786255,-1.1824940370632864
-0.7083250388113264,-0.5560345412449579,0.03957540288086189,-0.18516121445674336
0.050492798457690294,-0.27836793994548753,0.11386607972731572,-0.9066606832147698
-0.8787650499035674,-0.5366127022658641,0.3928855680076442,-0.015409453408019623
-0.6700750589156395,-0.5796683457391247,-0.1291243616135742,-0.20640285240009562
-0.33746383553066645,-0.4551682196104073,-0.09417650657536811,-0.5636304699432158
-0.27234652790963787,-0.4622965307222619,-0.2165546861311058,-0.6075677006083182
-0.27681253901866376,-0.46466719292263353,-0.2200813848049142,-0.6031071004340975
0.34641601329324695,-0.25104695824385276,-0.029508900694012578,-1.087961744836992
0.5651903849412225,-0.33913566190319067,-0.44939126440882404,-1.1688905708951334
-0.06350441140632819,-0.43627831077068135,-0.37527009302234604,-0.7634110957424013
0.48493202841362026,-0.29615628033212876,-0.26513853685669875,-1.1442074729893985
-0.360539973229934,-0.5281651274335659,-0.3654347352313627,-0.5062977104758274
0.21012496677514697,-0.29338045730429646,-0.0918276941774908,-0.9941341132556673
-0.8784363169066732,-0.5489240756806776,0.3292321928226399,-0.0054852726904548515
-1.1542424984750583,-0.6332134544029102,0.007843962227900238,0.535839117674466
-0.23318119017494177,-0.4211957876619163,-0.102895661325393,-0.6563978790237126
-0.7415563956713914,-0.45671538752903745,0.5662847603972924,-0.2217084271363477
-0.2126744846203898,-0.4130788780253334,-0.09794276271251372,-0.6747109549164803
-0.5998696952230416,-0.5715343403538024,-0.1983560036662223,-0.2787321445950129
1.0062085264204803,-0.22923816154706964,-0.057897856105480226,-1.4304710589932945
-0.7098279749180253,-0.5687035853858331,-0.017756566550458104,-0.1745814352236228
-0.5593186985434808,-0.5713389425566013,-0.2587672415717049,-0.3156952521293935
0.010997117242073726,-0.3201474512645648,-0.005233280921469172,-0.8641899225482078
-0.5703690037495321,-0.4681147889117718,0.2187302324368743,-0.3704740729473355
0.7446281353879889,-0.19431345212397574,0.04733985902910457,-1.3169486111493287
-0.8726607261418707,-0.6127738426234767,-0.005666639362926675,0.04265965822390867
0.493237618145501,-0.19490318532152393,0.10329374569846705,-1.188839303602251
0.7269918096111658,-0.22384149746837348,-0.058557638911466085,-1.2968528560850752
-0.9254504893917749,-0.5522117125152234,0.37565673885847495,0.055130292867266145
-1.130461650300946,-0.6234735136671599,0.09129288755213716,0.46609779393815703
-0.535306766391018,-0.5352124403316927,-0.13575041324391682,-0.35955074907273754
-0.31808353002660417,-0.3452778331069606,0.3343210538293569,-0.6346147485458361
1.0428017001704242,-0.25099757007875,-0.1284266284848141,-1.4395196182919188
-0.32942056086772775,-0.427717620945141,0.008222552165347619,-0.5840991318404247
0.7334532990793291,-0.3376168886929935,-0.47235913582871736,-1.255356322897748
-0.8486158547507999,-0.619469158365317,-0.0694108796337065,0.018842172984468542
0.647357953735227,-0.39114535619431046,-0.657444078746839,-1.1900643838830078
-0.15091683229427272,-0.3503981888776371,0.07157675892052266,-0.7468874245303595
0.8990366794544151,-0.24855989703516637,-0.14550728266720003,-1.371688640302907
-0.8194341710997479,-0.6118684625112824,-0.06894513519646393,-0.02243101892631228
-0.8889612663279269,-0.5572101148218602,0.3011185719465067,0.014222632893399064
0.8490385969827556,-0.3278209182589867,-0.43711102245762895,-1.316435642737396
-0.5315242570045945,-0.4707822516799343,0.14237621000748166,-0.40183959009296777
-0.6751006151285278,-0.5977122768310321,-0.20516522737867435,-0.18868173764894258
-0.8030147471694843,-0.5022610079188484,0.448907544815057,-0.126937744845297
-0.5934845352850739,-0.4237920609907892,0.4579654908851138,-0.3774840871856244
-0.008712299786553681,-0.35147272611127245,-0.10524246950858018,-0.8378451336624938
0.7729166149209692,-0.37670229878042316,-0.6161924191114485,-1.2593347058960047
-0.4746251967018275,-0.4450973706214891,0.16164555458250185,-0.46334854151294014
0.050896225457454106,-0.3520197240144648,-0.17052329615138426,-0.8744529873912508
-0.6524731819399352,-0.4619053845926141,0.3867787344325251,-0.30186936245811063
-0.26061023921981036,-0.3813908529216239,0.09827563407802836,-0.6571508190683258
-1.0686693570682753,-0.6457183948208376,-0.03676991651912073,0.3733505388188439
-0.5694433591602508,-0.42250194293796034,0.4216022366725258,-0.39864807933945945
-1.0201597270798168,-0.5969281852062824,0.22950826876362163,0.2319604090962392
-0.04949432239477716,-0.32818115176690643,0.03241793914222559,-0.822795364620038
-0.005014121925742847,-0.24583569977082903,0.30198093043832164,-0.8870384985129409
0.08266308226703917,-0.4399346738833768,-0.5388295771060135,-0.8540644688851621
-0.4037774028960199,-0.3511477016733843,0.44862058759177137,-0.5691947350090675
-1.1936005327165187,-0.6214970092200856,0.036876059378789135,0.6163199926103582
0.8595629331732048,-0.33529027439368375,-0.4635195033626265,-1.318620397979479
-0.35477265078197834,-0.45408154238067,-0.0640060711044464,-0.551277145657156
0.9382859246055767,-0.27244550923730526,-0.2269727528168578,-1.3813846116054318
-0.0049272217881543385,-0.3085337954020747,0.05767021156064201,-0.859507001293791
0.8949380979466879,-0.2730375564171939,-0.23467402472632332,-1.3602412205156251
-0.4790451651784183,-0.3869593738765326,0.42196271702084875,-0.4924112969542276
-0.9992870205135685,-0.6246705987198017,0.057307385099062295,0.22998763760492244
0.2633699935882209,-0.21704116820551686,0.15378790235642406,-1.0558554656498926
-0.5807564517457625,-0.5650361190576062,-0.19826112967220885,-0.3004590131281401
-0.03530864049378254,-0.3084219729215993,0.0931447524626697,-0.8406376081147809
-0.05759378607107723,-0.2874131168623605,0.2023623853289376,-0.8360781696034543
-0.0980566130610222,-0.3203619986499727,0.12280102252387413,-0.7953808672796128
-0.7445546699246792,-0.5502495207743132,0.12312513279920126,-0.15252611071941777
0.21570626603219314,-0.34864153198029024,-0.30434315770572745,-0.9737766149970549
0.06634967457861364,-0.22098537969363066,0.3181987995129148,-0.9407723313845321
-0.5411237194814141,-0.41064538435302483,0.4251351360878342,-0.4291464027048074
0.8853236207532643,-0.19517000002187354,0.046618709455848124,-1.385461741580029
0.4095103144077064,-0.381403350744845,-0.5464321504006909,-1.0684921095521243
-0.25399652260386657,-0.39671838768091355,0.0260153234163877,-0.6541153479857496
0.755702957565501,-0.24256860939117286,-0.1284778979996636,-1.303872578052152
-0.3873507364821636,-0.4695798911647182,-0.08024648392428103,-0.518116625371215
-0.8096847309107478,-0.49658386243723923,0.48778620353704044,-0.1241172134723591
-1.0631037821137372,-0.6222976948257051,0.10365674557211643,0.3330346552277436
-0.9788452729165981,-0.5833153744998334,0.269710292497835,0.15623610509557043
0.12706661045682846,-0.40406600966221506,-0.4415168070530377,-0.897293389957813
0.9650728669455604,-0.2434978559550053,-0.11766516840780414,-1.405391205994931
-0.9503613901465505,-0.583777311095614,0.2372300116327862,0.11711935271102772
-0.8814186828334984,-0.5355896807878024,0.40196144340125434,-0.013131452936441492
-0.5747238381748754,-0.5008343724197442,0.0793911521097972,-0.3465895582785172
-0.8055355398454233,-0.592212006322366,0.009374422777946385,-0.054483633719135525
-0.6275344210232274,-0.5955399215971899,-0.2654421121448144,-0.2366262638271193
-0.07967738832883905,-0.43408602659581386,-0.34824083598974126,-0.7539032409955473
-0.852747184288538,-0.4910012991356064,0.5854222754500344,-0.08178665604063495
-0.26403665629333717,-0.3953602539365072,0.04596620071845707,-0.6477408968534583
-1.2146093455466773,-0.6174775037734643,0.023633500037671982,0.6693082631288972
0.030841860057181793,-0.2512497556359627,0.24005070690408947,-0.9065387250560838
-1.0011033472379955,-0.60971535168506,0.14275135519980642,0.2165021419797626
-0.5897022943729876,-0.4635408109728639,0.27185589217373185,-0.3565717172812299
-0.4388432115108185,-0.46164255789548786,0.03290727188070762,-0.482448901569959
0.44219608286398987,-0.24295840932789337,-0.05110869506763153,-1.1429136902649293
-0.4654425541781019,-0.5545320008481107,-0.3254375580499417,-0.4070322803949878
-0.64975372275241,-0.567863713702492,-0.10561147971484082,-0.23428997318684913
-0.12453979658601264,-0.44499719587692216,-0.3384815424437398,-0.718919021292469
-0.8456060993327744,-0.5917376725391712,0.06651735313001814,-0.008448477717091327
0.08296073400744046,-0.40893305370118777,-0.42030734662181496,-0.8684021132054307
-0.30065327551595894,-0.476653709490964,-0.2360885447683384,-0.5794229809283185
-0.5221277798990402,-0.4801141040615634,0.08590730962945727,-0.40415577626551863
-0.22934098628197785,-0.29582619999425214,0.4023512193002058,-0.7203111208209324
-0.5818763091545842,-0.47822507322694974,0.19259389580127884,-0.3543364471587568
-0.9413041197252536,-0.6359520286365962,-0.05260500048383063,0.15583660316213926
0.400447971666598,-0.18589035015703093,0.18069866915073254,-1.1432356464806597
0.17752545787263002,-0.360290214164003,-0.318040111083261,-0.9465440212831057
0.4104454500858847,-0.374793424914388,-0.5224360845250514,-1.0717842538367182
0.8190235095663471,-0.21285629656532873,-0.021488821221933543,-1.3464858719705408
-0.3064525305900677,-0.31688372156997147,0.4341735607475628,-0.656987869834708
0.13555074998371613,-0.22782453014822412,0.22194765945552902,-0.9785915101699719
-0.24749508938097978,-0.45850011212674946,-0.2351023358697725,-0.62733119616908
-0.7013476611416748,-0.5109677272748112,0.2405377827228753,-0.2235280574836548
-1.0349931230203058,-0.5803528579988351,0.33540760635276984,0.23685408366776617
0.4051752867532044,-0.39411909807483053,-0.59140979784532,-1.0607512309564218
0.6885668408433201,-0.2634069800099736,-0.19822239733620972,-1.2622317799182403
-0.5004368855292918,-0.3880060085913797,0.454315262786774,-0.4749232787669462
-0.5365309057779656,-0.46941560218484313,0.1566960495460607,-0.3984380292708248
-0.8842273992672336,-0.5940973090545133,0.10458355477865819,0.04057054439605109
-0.7170098672361647,-0.6023317058806984,-0.16556680902254367,-0.14265446392380152
0.016588033734654017,-0.2763830518381398,0.1584767788338717,-0.8869452506793187
1.0085636724315725,-0.253655133750195,-0.14597323208499846,-1.4222441433237285
-0.5527013090083241,-0.3947663868533711,0.5162155732207239,-0.42880414751075185
-1.0647620406847378,-0.6392456128561717,0.002056091477793153,0.35761803092377453
-0.3516478154377296,-0.48932189677545335,-0.2159090078359174,-0.5345499164099612
-0.7187631808284578,-0.4370044000454731,0.6199351293395438,-0.2567906600447798
0.052662497305460694,-0.3716531748187924,-0.24789484245606216,-0.8667200034578817
-0.7272555417926195,-0.5561046714667478,0.06848203117644634,-0.16598642372414266
0.6538266964332687,-0.38185256150314756,-0.6245474008066472,-1.1971839753930757
-0.39615784564574047,-0.4707292320322181,-0.0717713630898057,-0.510699755142102
0.050454607919105894,-0.2491981857483857,0.22650049092432675,-0.9192441655576932
0.6453206291204113,-0.36366686063671627,-0.5567901508962115,-1.200254070759315
-0.6118227740132473,-0.449316764813125,0.37418160492499536,-0.34604097954060337
-0.4809265224484356,-0.42706064206454825,0.250435325723862,-0.4685258813293386
0.7232381404889661,-0.18771765769206786,0.07299650505186868,-1.3088487062666194
-0.7643865614205371,-0.6173118519127021,-0.17001784853686042,-0.08050257559982257
-1.08139673371524,-0.5844954751174986,0.3372164002827146,0.31833781500624897
-0.4680709627628618,-0.49215612588538077,-0.052590228308057166,-0.4416339437453249
0.5100352075805793,-0.3658823410920068,-0.5303571268570795,-1.1289709031577368
-0.2967934273766404,-0.37453076525072326,0.18009412574604636,-0.6350359707569532
-0.7533487037239402,-0.5453271364976479,0.16036749685906573,-0.14703995882580956
-0.7511271495094538,-0.5515445119078315,0.12706044990982443,-0.1447667191642785
0.45966648450988606,-0.3088935893005016,-0.301622878126154,-1.1256054552789243
-0.9085516344618347,-0.6007408767180049,0.09956500335145561,0.07754099819829449
0.9422281848115889,-0.2695404792443241,-0.2158448133357685,-1.3844042001156103
-0.9417566020933746,-0.49044692098382564,0.7252772795543562,0.021146339662931505
-1.1033694396425466,-0.6427356026490516,-0.022273270529596278,0.43747907389407836
0.7143806250966404,-0.24522842758142754,-0.13508906545047591,-1.2822743908329066
-1.0746851620541331,-0.6033689473906295,0.22090945311560975,0.3299130349001472
0.3284861925784439,-0.3102484204899198,-0.2385806250892783,-1.0537537274747513
-0.8659946884336727,-0.49105938975190094,0.6062801835359509,-0.06700925642863971
-0.28272056963819436,-0.4469802808374628,-0.13922489290343334,-0.6080440970645703
-0.3571497651114505,-0.430277999403967,0.03930497848190688,-0.5622250335676496
-0.6877543520569966,-0.5320350875504534,0.1197250650218051,-0.222234844100841
-0.6813350976352424,-0.5950451494407091,-0.18360699132185712,-0.18435574441059524
0.8099265204219236,-0.2607900053808471,-0.19549101996168883,-1.3235519106581843
0.6110706495662435,-0.34886826737010507,-0.49619510485722146,-1.1886903341003494
-0.8950659561158182,-0.519600871047458,0.5042415197472316,-0.010347235964619117
-0.8097867954805795,-0.6078125859004698,-0.061747114293373026,-0.03696787700900173
-0.4944328325253194,-0.45788382429487134,0.13826389088641136,-0.44004291298168124
0.7742247674796772,-0.24664267358415487,-0.14396435629275384,-1.3114581638875278
-1.0248112639415035,-0.6207769938051123,0.09591815542928005,0.2661652765529979
-0.10137132545028561,-0.26730215349138664,0.337483177186844,-0.8174151449448356
0.5539235744704368,-0.25804667929126773,-0.14959975845029386,-1.1956063859122303
-1.0211842057833398,-0.5882392659528883,0.2798235372673732,0.2240360712331401
-0.9754524871785155,-0.5040219356621617,0.6992918256620838,0.07566700021525302
-0.4352839977300632,-0.5291989949445975,-0.2614772149857979,-0.4466883624216369
0.7031489036940336,-0.2114446209530286,-0.011115108510405395,-1.2897364219774454
-0.08863924318653119,-0.45666392023564606,-0.42682009450087216,-0.737113105449269
-0.9036770921245058,-0.6395042229882074,-0.1087110938671867,0.10738712838155
0.6623154569903964,-0.2769323799351115,-0.24363002823587293,-1.243662498215399
-0.2845723364659727,-0.3571802581922092,0.23338678246927444,-0.652386707589471
-0.6542516137027667,-0.5326539102219328,0.06330189501568886,-0.25385897342528413
0.6682607002875995,-0.22825058500222753,-0.06743376779940667,-1.2657245249249613
-0.8649255084383607,-0.4816849776085149,0.6522212559535995,-0.075565057787667
0.9117902203095909,-0.25863066747386404,-0.18051756118073914,-1.373964381841092
0.08761482051440543,-0.2956982449057071,0.009112996150778927,-0.9214313244114037
-0.9783275250320046,-0.5684542806742237,0.35082738814221576,0.14071009749723956
-0.8775756604205515,-0.5202503310055899,0.4750643946894939,-0.030325405817755457
-0.5659081475461205,-0.45416637410039323,0.2736524582189996,-0.3827288820724661
-1.0961370400866548,-0.6457494508576047,-0.0393576641298472,0.4270110684113226
-0.12057388914989906,-0.33161178548197107,0.10693950219423709,-0.7756052943249381
0.2798843143253347,-0.4069983613492839,-0.568725819762977,-0.9853177399287709
-0.6816900181159514,-0.4387929612975521,0.5453975869036771,-0.29006563035506594
0.5463747875095194,-0.21830154195980184,-0.0018420848502405129,-1.2073508137232796
-0.8650586947805914,-0.5606392255887122,0.2506092088218127,-0.011520182145847305
-0.4934914086032675,-0.5501816498737936,-0.26492665426238726,-0.3861315991297448
0.47432769949559933,-0.17716691134224916,0.17642574402258887,-1.1858395905537529
0.02239084725299194,-0.4198702477514816,-0.40339351103550874,-0.8259431249345892
0.29791763740174554,-0.4039739938507208,-0.5689109854761231,-0.9968690771052872
-0.7628204282128233,-0.6144376356822834,-0.15832339134009227,-0.0844811609628855
-0.2844329897106564,-0.393634250242794,0.08274703926853692,-0.6341791615119986
-0.40313689787681645,-0.3821753782851092,0.3152839052015377,-0.5533269498468937
0.30402592478696,-0.34342966337782804,-0.34683083278734406,-1.0262095378856135
-0.5489973640468878,-0.461390322297068,0.21298256805068475,-0.392729476723884
0.010107402397830605,-0.43078037826854015,-0.4330815193817598,-0.813154445263828
-1.1664350730054933,-0.6148944445685031,0.12215277856438142,0.5343105652966721
0.45518131143718876,-0.2709889628548267,-0.1602155254371313,-1.1385806243585217
0.013171612983169854,-0.3064930018591743,0.04540874037831841,-0.8715815917181124
-1.1530883833146874,-0.62421503756041,0.07072891987654649,0.5181200226676889
-0.3179611037758521,-0.37350866630644225,0.21655934364703897,-0.6204234115170619
-0.6468090314199162,-0.5384627940597645,0.024751049081462282,-0.2569788893167212
0.6178510455830456,-0.3716996459885947,-0.5809975560813183,-1.182874495158945
-0.5940590604896436,-0.4586794943129687,0.30120872638233975,-0.3557729577173582
-0.9070401795985313,-0.6176711443518024,0.009179648273912306,0.0912735163191869
-0.3133614200891602,-0.357968390038077,0.2741273541091121,-0.6315920446369384
-0.3878784903376753,-0.3940483628800324,0.24011623416131475,-0.5584809926927936
0.7458978509908365,-0.3748979367158238,-0.6086871825585509,-1.2465790404468151
-0.7634304792297428,-0.47377156233928847,0.5219937112618,-0.188303613263867
-0.4179638989741519,-0.49086156321674573,-0.12410491850688875,-0.48245097819618604
-0.948611069567595,-0.5439007297162207,0.44942127208250104,0.07733366731947185
0.3107551209950654,-0.22230674937498904,0.10032561943726345,-1.080002766502686
0.04451447389851592,-0.423188021616485,-0.43827535073140084,-0.8382085896423979
-0.49213312178323393,-0.43367185092425503,0.2402426331062408,-0.4557903495389378
-0.624826458967712,-0.44035781419176717,0.43770418892115914,-0.3401672808360631
-0.5488231407747649,-0.55459823109435,-0.2005353435015041,-0.3356560076793726
-1.0350444481512422,-0.5923305043191365,0.26632929692378016,0.25030225501123815
-1.0923785992766404,-0.589373979428714,0.3109742097888548,0.3439279728995648
0.14901309250092917,-0.43410382562380523,-0.5743849087397279,-0.8969377623005516
-1.117932120345924,-0.6034259730250566,0.22482055273364884,0.41102183844474677
-1.2054970941978709,-0.6185564920824042,0.035843426328265364,0.644330808887582
0.18838480495925397,-0.276148323154671,-0.008895458052287197,-0.9888884505829625
-0.4391122915410263,-0.5202775407860418,-0.21766884315060406,-0.44877368267867224
-0.13608436697218568,-0.39889267504600434,-0.1410739657247758,-0.7335744814764747
0.8365094914964436,-0.29938126846658375,-0.334626125776497,-1.3215152607652632
0.6862553559104589,-0.3848441136091537,-0.639924017437027,-1.2124789502963773
-0.08904763157906367,-0.42398961912573924,-0.2976068136529352,-0.7526010474958277
-0.884338201563224,-0.600819974368711,0.07006181851544818,0.04667973413798807
-0.9769796168630512,-0.5133482488783271,0.6505598137747687,0.08623900741429508
0.2268850407913159,-0.19873904729192995,0.2511713494085863,-1.0428405267001082
-0.7534486934278399,-0.6214022548995456,-0.20476437020929167,-0.08931039423960481
-0.7207356839250116,-0.4652194024476544,0.48947937629185545,-0.23603286022075703
-0.7730266760001756,-0.4582191774414379,0.6139199971312811,-0.18965406092736792
0.15718063688361347,-0.3953592844204685,-0.4340733464466222,-0.9191378414407194
0.11687229812287361,-0.3226424925279417,-0.12206825814280933,-0.9271760166429908
-0.9894994534102475,-0.6348122180489949,-0.006509714089101033,0.22593789470043335
-1.0859682430703625,-0.6221197032273019,0.10876645906624927,0.3746282100187349
-0.524655597934318,-0.37515958762761037,0.5534750270153527,-0.4627736126162014
-0.788564403481845,-0.45390998477065503,0.6619619640590638,-0.17708065006842436
-0.3304023633338939,-0.42708645253293426,0.012315288362495225,-0.5837091291051884
-0.9301555304194215,-0.5178274999459406,0.5637042270429199,0.03060740486051696
0.11803079869432433,-0.3601625054889456,-0.26621742621645056,-0.9114138625863647
-0.7138266666647888,-0.48170518314121613,0.3994580641300945,-0.23149745570842087
1.0178922443032439,-0.24251632617092864,-0.10350731744897274,-1.4309516149255057
-0.42082545194543874,-0.5238937988613591,-0.26027526575921633,-0.4613681813540598
0.21251832716224212,-0.36579634239056014,-0.3664992145429667,-0.9645209633577667
-0.3829236309371883,-0.34135507019706113,0.4554980222925648,-0.5897040229972881
-0.061300426290138786,-0.40358397551159114,-0.24954837243809183,-0.780345058271457
0.7715627705012703,-0.25593540102873497,-0.1776085451398019,-1.3065352132846257
-0.439703676241248,-0.5199194436906222,-0.21525226972494915,-0.4485040072917423
0.6797504939269058,-0.36337455481050424,-0.5608548407526369,-1.2179138329398786
-0.6629868451468649,-0.4702089133756397,0.3664429933336622,-0.28691237110727086
-0.5498794006589075,-0.5189465780234053,-0.04108767687026684,-0.3569914655723983
-0.21043171952367426,-0.37140563648148095,0.06769977531582849,-0.6967809220242511
-0.49195913717456197,-0.48390048695077265,0.020857002726456176,-0.42692974528777367
0.7875775330429063,-0.2876000828214815,-0.29280304473634317,-1.3020813921610948
0.46531241054455014,-0.1814166050925447,0.1648081171154175,-1.1794452423590873
-0.8822048580605711,-0.6243181992097719,-0.05360289878088295,0.06511110300632551
-1.0414436987098463,-0.6202934026929317,0.10740236287231704,0.29312281834211973
-0.389596442408658,-0.403966613836274,0.20081266376621076,-0.5519192969817057
-0.07540971265017013,-0.4484048335905237,-0.4094172087607585,-0.7498167325484472
-0.2104906916732643,-0.4693462751199447,-0.3282018645619065,-0.6479110645766816
0.5994592305859495,-0.36280823769180087,-0.5445518976281853,-1.177016692076858
0.43403337716860757,-0.360313985527115,-0.4798569565180587,-1.090642164359084
-0.9391111987731183,-0.6211390873697606,0.024754573310887592,0.1380130204130929
0.518603987476623,-0.1773188491482345,0.1579094632687129,-1.2089015134290029
-0.9555125959684827,-0.6183616655257617,0.05566151075056353,0.15831920335226013
0.04368614147156313,-0.34782663123660107,-0.14700340230934633,-0.8719161899928762
-0.262968911833589,-0.3360409032420188,0.2879587381744092,-0.6779136929918438
0.122757453132005,-0.29719835266702405,-0.03050496580030224,-0.9416802283016212
-0.8938041723317355,-0.5831300738153394,0.17334583330513886,0.04282522089148793
-0.2220625024426166,-0.45633364754812467,-0.2604151605373268,-0.6464161568954129
0.4637236998792361,-0.3550700291692098,-0.4732299670565225,-1.1087901164898388
-0.6103260927718847,-0.5443848235646918,-0.059732355393594554,-0.28694953952749847
-0.6383911467090807,-0.55898738573566,-0.08244061794756613,-0.2511306211386454
-0.7268801610075085,-0.4952187398120211,0.3573217864568458,-0.2095262598814872
-0.838146623411269,-0.5140125382457222,0.4464586527296008,-0.0799822920764979
-0.9179586535567277,-0.5115500119678998,0.5794473024584903,0.010267909321638081
0.10024630450368245,-0.3561204469840257,-0.23438788108120068,-0.902542944994216
-0.7230529911329804,-0.5230654116649273,0.21870241585512157,-0.19383803992836746
-1.0744430241526597,-0.590120811716481,0.3006067988450203,0.31314065974355076
0.31544516051450794,-0.24672952730550043,0.006154171715621883,-1.0727013690509146
-0.9588149017279437,-0.6333551357798942,-0.02280726131733662,0.17837024804429918
0.33803213536645144,-0.3690960239713592,-0.46309583853926195,-1.0343256778193397
0.277704348354975,-0.25952382886838943,-0.0157891107488218,-1.046502247125942
-0.6600771079210476,-0.5603178256793677,-0.05502547663936702,-0.22954038058475618
-0.49763449166748525,-0.36852595560910667,0.5348688519283571,-0.4879674171744557
0.5030247059898562,-0.20301267561761221,0.06964063634190965,-1.190787581606708
0.6394593524893681,-0.2044677835392999,0.02430399793930253,-1.2603819046280424
-0.7541847153460949,-0.4621438774185749,0.5622055452560254,-0.20561326454260428
-0.1411938572658024,-0.46842054954878404,-0.41142687687992835,-0.6961562078142652
-0.15949805617831658,-0.29547740221303703,0.30342423151983394,-0.7669828306362597
-0.13278225549741393,-0.46840766615271046,-0.42150117479094334,-0.7018580240129194
0.6531232114718838,-0.20536398391999297,0.018436876603420096,-1.2669456345895787
-0.6629448898630734,-0.536173726736274,0.060918030692713565,-0.24324761876052522
-0.03805861802577648,-0.44424924549468975,-0.434606800815646,-0.7760959950366005
-0.02325368317344877,-0.40414060815619696,-0.29429768495711656,-0.8044520176427848
-0.563577929745537,-0.557646420395864,-0.19152336772806494,-0.32065052271463784
-0.2277624036810991,-0.41888537484940613,-0.10094057433237985,-0.6613408480297723
-0.40199182139058787,-0.534726945087949,-0.33371394610882743,-0.4701471704011725
-0.5370667931293049,-0.449037548911795,0.24781680050710284,-0.4100730353616099
0.4260499615068577,-0.3338619127583793,-0.37863158333470204,-1.097310883196019
-0.6982402946492433,-0.5036887550675611,0.26963422402196957,-0.23150700234321678
-1.083461029297732,-0.5962040323509937,0.2669078697772769,0.33654644555584745
0.12561995093111444,-0.2944564577046892,-0.022689235247213734,-0.9445259648678802
-0.8717251468002499,-0.5713544548509975,0.20506813924276773,0.005490601569662741
0.0027090603518198303,-0.3406682580184614,-0.07581219652441713,-0.8498532231127173
-1.0982144195826722,-0.6408528064007802,-0.008945303703229823,0.42424278402721627
-0.7609630889938654,-0.5598582552617304,0.102065419579109,-0.12827425333607684
0.5592026888779186,-0.38871586653370505,-0.6292871065422295,-1.1454080829769997
0.4478719444677842,-0.18478236739438134,0.16050141220060093,-1.1689289154345053
-0.9347074564868983,-0.5735600361508446,0.27395385249537496,0.08656325512838191
0.9450532808941934,-0.2587246721895198,-0.17619900757992488,-1.3899391224671558
-0.04495235990195478,-0.3298679590859679,0.02044349326468634,-0.824897221777679
-0.9156619496943935,-0.6320807733987173,-0.05725074581013731,0.11646801732193128
0.647650499290241,-0.3313405288578171,-0.43932259162950316,-1.2145256552454553
-0.7290496725379138,-0.47028720186225353,0.4797324895644632,-0.22457112769299004
-1.1133078469449729,-0.6143897129334166,0.15572795749051138,0.4171735781204291
-0.9076894908190867,-0.5257798104324373,0.4903214532144872,0.009991526216751223
-0.13309320944593497,-0.2751472115240893,0.3486503697566631,-0.7935171496244683
-0.6161818738147034,-0.4838803154394275,0.2243107659478989,-0.3205630560301197
-0.854951147944017,-0.5958798223284872,0.057954494446815184,0.006231537454571901
-0.4653350691910138,-0.3577364070116499,0.5254095762754917,-0.5190457996986796
-0.42140504381125876,-0.48695429344050467,-0.1022472440302384,-0.48194425109408634
-0.39399459570700984,-0.36264516842838274,0.3833990985563262,-0.570459804608083
-0.7903628629871021,-0.469931135532442,0.5866686029961659,-0.16379652233499037
0.02163172905405532,-0.22957418511172506,0.3344534358632898,-0.9103014992882109
-0.433916720871948,-0.4153725640548576,0.22356960145364196,-0.5119554284844609
0.2294693866688019,-0.40473070310284065,-0.5256299457054019,-0.9573556877631235
-0.39238458672536763,-0.5057159747091999,-0.22522823483125146,-0.49414633641818084
-0.8186756959983192,-0.6100024576766755,-0.060689984563109846,-0.024864780593019616
0.025748959672244755,-0.40027920498434866,-0.3310907030192671,-0.8370698555282512
-0.5597758390703388,-0.46005348404214963,0.2369975158953408,-0.38440145410560933
-0.2526592952321331,-0.44742194896983617,-0.182909145521282,-0.6293470841497806
0.2847586067486212,-0.2373452291122139,0.062161478368404494,-1.0595049688621736
-0.49155972696819417,-0.5048427962165832,-0.0709001092385538,-0.4149320468201731
-0.04164795725385091,-0.42269376341745524,-0.3464825779147556,-0.7839960286463056
0.1122929218698554,-0.37429603540392353,-0.31490778217122295,-0.9017149418065897
-0.18176808152371246,-0.31843260804160883,0.24199349287697333,-0.7415329669029853
-0.9492609703496444,-0.5248086947361101,0.552548557196994,0.06080401876246441
-0.2641198328145919,-0.4802483837285597,-0.30125027584174185,-0.6041390763701562
-0.9094667907092406,-0.6406868044983439,-0.10891028002050801,0.11632735711842544
0.814817431782364,-0.33901171386037465,-0.4791530191296695,-1.2951972481789837
-0.46181798424210035,-0.4308856996668732,0.2022989549176383,-0.481550768309645
-0.498077296253042,-0.5179354476393158,-0.11773674341461382,-0.40171401710724947
-0.7458104601655631,-0.5851760929435653,-0.04211515198221716,-0.1252701147448467
-0.1793256143102665,-0.3083331097421532,0.2793047109913626,-0.7479090790920134
0.10686962328257851,-0.3487596798098632,-0.21244972139523005,-0.9097679571148551
0.055280233622403405,-0.2515250296715056,0.21233141063041788,-0.9211411203132999
0.38922047048432995,-0.38714430853658915,-0.5577610104412106,-1.0549638207664773
0.1717453570393204,-0.28643728290961107,-0.033661830952711455,-0.9749450535668338
-1.0361008570646644,-0.6028926174351417,0.20587842009696272,0.2639920953195876
-0.22016916357614852,-0.4033220604004854,-0.048208403584024555,-0.6743784175266059
-0.34180605154386945,-0.48311013284969023,-0.20423712744438582,-0.5453618532948284
0.4998265279098194,-0.3296806732282772,-0.3938549085158189,-1.1384511258301524
0.48052469510344703,-0.32406959331692053,-0.3659445953892277,-1.1305127344263992
-0.23701654742711212,-0.439469127863987,-0.1719194073858912,-0.6444722388246771
0.7256611473190425,-0.37688620957051455,-0.614682223135124,-1.235621882221844
-0.14658287229104283,-0.44684346599441327,-0.3189405387647823,-0.7031803352036391
-0.08747212249537027,-0.4447849580783517,-0.3813700767922256,-0.7436352462449248
-0.379260417990214,-0.40684633299390316,0.17224408297082486,-0.5581432911590057
-1.0986412400250785,-0.5885578789845965,0.3173819446507728,0.35427773622575687
-0.7660341727630247,-0.6226104720629646,-0.19332763575465198,-0.07450319001302319
-0.796356855297391,-0.5825832081153784,0.04374615711911956,-0.07246052570993858
-1.0058881020291388,-0.6443341863895027,-0.049631739257766795,0.26247231572938423
0.8409627368409729,-0.30651109726457504,-0.3602672572589166,-1.3208931546553007
0.9685242612752641,-0.21792559447167745,-0.024315861716403344,-1.4168124095236616
-0.8407197017251271,-0.6276347038204708,-0.12037206788234006,0.016295719735246152
-0.26134916601317637,-0.31707701616008166,0.36345906040389575,-0.6882766137814086
-0.9030951263877827,-0.4835789602835882,0.7030268136656956,-0.03070735650953954
-0.4872254405706686,-0.5458435491428263,-0.2555117062702509,-0.3940418963340901
-0.21142929253560247,-0.4973849308616924,-0.4401533460274822,-0.6328745766353203
0.017067815254829064,-0.2686377614270921,0.1880025723907298,-0.8906237148391767
-0.9426927388299777,-0.6468423729506209,-0.10993509797321194,0.1688582865250844
-0.6253480923864336,-0.5802648524301869,-0.199300677147589,-0.24909754421939703
-0.7404947439848026,-0.44210783060812553,0.6343685139843549,-0.23266661829424187
0.6943836425944699,-0.21120408998717852,-0.009173362002015613,-1.285443039938874
-0.8144036581293755,-0.6163908095740527,-0.0980048566878826,-0.024548664785035874
-0.6147740398617088,-0.565644097982519,-0.14905518176018606,-0.26882306844747966
0.46576457541440325,-0.1907654650294126,0.13021979088914903,-1.17603174318236
-0.8152339770601038,-0.48028343858837974,0.5776279170815026,-0.1304004404412329
-0.8001596364886788,-0.5486643888891005,0.21594381400026322,-0.09477013003333291
-0.8658293508108884,-0.5661668765230815,0.22351376002607065,-0.005961717254614493
-0.5094357192749099,-0.3800712606763368,0.5049027388171031,-0.4721945429047323
0.005310466805279572,-0.3054028011088734,0.058358329434898555,-0.8672256678107287
-0.8601428905569168,-0.5832317255776518,0.12897500547602597,0.0016900686536827844
-0.6823929611180842,-0.4622971846088851,0.43675493935021814,-0.2741401815959835
-0.7717219935994498,-0.5655979980403857,0.09051108405179718,-0.11250695450915825
0.16955301478807241,-0.2617110421027086,0.061984548438233505,-0.9840977929403553
-0.7505239878623994,-0.5767694502238392,0.005098502884060945,-0.1266089106306381
-0.44232277562717637,-0.48682156138924765,-0.06960060804351692,-0.46543078319862374
-0.3557217708717719,-0.39090242196103003,0.20243248116140866,-0.5840078697602067
-0.47022423259595714,-0.5130453353119612,-0.13945631523656893,-0.4276846101391459
0.3035574581157277,-0.34356453265053993,-0.34703469402457343,-1.0258899662716774
0.1897995844965403,-0.33327308935340993,-0.22593915520800997,-0.9654007440913497
-0.3445686073726134,-0.34922420171848856,0.35978115397067073,-0.6136160643346817
-0.5221714965285155,-0.5572543594503504,-0.2526444003573488,-0.35725688205273765
-0.9158106112187343,-0.5892168560984034,0.16861284028073975,0.07636451590192576
-0.9882253196578743,-0.5540421207616927,0.4407757143279254,0.14031525491609861
0.6183670794408684,-0.3928138550897064,-0.6582824431061586,-1.174470315866375
-0.5700125977892865,-0.5454536201888935,-0.12736039922239487,-0.32268575593127463
-0.8251407132329311,-0.5356703936638159,0.31813156688860567,-0.07743093607544649
0.33862752204794705,-0.2905385897723498,-0.17149328810223569,-1.0675208852004698
-0.08858135629534179,-0.4029920089846286,-0.2153891706690332,-0.7629188075449814
-1.065894754031275,-0.6188968858952213,0.12483953066886329,0.3337347900343072
-0.011268513171595045,-0.41847012163101277,-0.3629752661312003,-0.8053795484753179
-1.0567135384883535,-0.5836407166685846,0.3304853390609464,0.2754849317183861
-0.12575578644480329,-0.32877497771206565,0.12495186753853067,-0.7735505627857944
-1.0248076739281764,-0.5750145782763167,0.35811685875704724,0.21526820644057545
-0.3671528565275031,-0.3304098035186603,0.47570569614938735,-0.60683371792708
-0.5339578877029076,-0.3840799535555127,0.5304903164435399,-0.45022913533099534
0.4793867573177567,-0.30075201546689806,-0.2798220709600803,-1.139407072063304
1.056904883409133,-0.2577323666833987,-0.14932923482604665,-1.4436104648759607
-0.4133350659325768,-0.5443965117976262,-0.35824208487316767,-0.4555379980428951
-1.039099683809332,-0.5842919862477193,0.31556687887129903,0.2477261996056897
-0.34206839713838283,-0.3240202801759748,0.46150026666032906,-0.6281609131923642
-0.22796932342596446,-0.3119171577860623,0.33468092196473226,-0.7135686506455328
-1.00043330758629,-0.5857710813107752,0.2764955715117663,0.19005513918846878
-0.3851609779819077,-0.47291130898191214,-0.09760036852648872,-0.5179663215513577
0.6501360496794487,-0.2260182139718823,-0.056215947492734245,-1.2574384403075876
-0.8484574697426305,-0.49411996593504026,0.5628080565258062,-0.08409365097083447
-1.0009635933257588,-0.5543837228798058,0.4523389410006826,0.15862671213912452
-0.43506003781872155,-0.3890028836541501,0.3387518037898894,-0.5254266472539889
-0.46084361010637015,-0.5533475686890887,-0.3271193205695326,-0.4115589000543
-0.9312538405067436,-0.5475475940637924,0.40784121278068464,0.05831644040586945
-0.24897709813556104,-0.36967563752655364,0.12944393663969458,-0.6710679441256469
0.6101501002855484,-0.33658265856807784,-0.4511456273889632,-1.1931977280192532
0.46029442975149304,-0.3035686940759812,-0.2823001983502083,-1.1281103971192425
-0.8118894309900103,-0.6268792792714007,-0.15317618716948617,-0.018762050997916117
-0.6305411731806821,-0.5807674270758438,-0.19376300825226683,-0.24383297184299552
-1.065577731154245,-0.6042346293802549,0.21257344887314303,0.31501718047491795
-0.48354857889179426,-0.5292143178935611,-0.18902104027501487,-0.4071005244083753
0.28647555412717907,-0.3030794546830427,-0.18469136073022482,-1.0333363210395723
-0.7156151941839473,-0.6064352297842122,-0.18693031126094473,-0.14105905796763699
-0.6670979105706513,-0.5971097070876138,-0.21416571679881558,-0.19705972677254446
-1.048637843311628,-0.5903765151340733,0.2862477316614514,0.27002703121764715
0.5699557902431328,-0.31837106007122173,-0.37477054058708836,-1.1797855416270042
-1.008077300300578,-0.562312558189369,0.41507242459653443,0.17694971807630777
-0.5376142154006018,-0.5041418409958617,0.004918278091988998,-0.3766202863901645
0.6545228738500709,-0.3574644623694142,-0.5356839333715591,-1.2074751474262693
0.09245468225124659,-0.4255811023735301,-0.4928032669698327,-0.8666259591520404
-0.44289368649863764,-0.469982694514779,0.00349507263579902,-0.474542021293094
-0.12252863912666484,-0.37414103577799623,-0.05970332047039311,-0.7543646634004497
0.641511957870468,-0.21695333214882723,-0.021577619689779573,-1.2565906118518573
-0.8712047255993969,-0.593507043474282,0.09109489614929318,0.023938012260406708
-0.0217961134413598,-0.36507893404519914,-0.14369627173200816,-0.8234240331728164
-0.4706996625550614,-0.379877259824357,0.43847014333582346,-0.5028380349982473
-0.15964140686880343,-0.37401800709147487,-0.011470846370735725,-0.729821401582663
-0.5096393653295611,-0.5027623575835033,-0.03343509494969445,-0.4011077805123866
0.7292849210490119,-0.1949076979106156,0.046340257488492284,-1.30910846353532
-0.7564139547462868,-0.5656162885877911,0.06746419928859865,-0.12875907157662383
-0.9037012750167553,-0.48409056711848825,0.7013144442991659,-0.029584877768627917
-0.8143669168306289,-0.4847498565774277,0.5540557866339874,-0.12799404615876855
-0.5920358715348668,-0.5072143428466637,0.07885651637067738,-0.3273358991106229
0.10747013235780879,-0.2178020036706422,0.2877212129077593,-0.9663880278682412
-0.21765216219608588,-0.392939862041078,-0.009577405627073295,-0.6812572487950113
0.08211026862158367,-0.41863386219792503,-0.45668419898359425,-0.8634713336145741
-0.9594946321412569,-0.5695694682366198,0.3241248960944815,0.11587617784375381
-0.7176292995894396,-0.6139533818980757,-0.21950601526920635,-0.13334656706550474
-0.43749070838454046,-0.4040955735202312,0.2778787407248533,-0.5153582078008374
0.5774906832603017,-0.30200880891882026,-0.317009049497309,-1.1902771027022945
-0.28921610521729174,-0.47953951321937505,-0.2639242267188861,-0.5862788029008913
-0.5174004638699339,-0.432526788577524,0.2876243272326167,-0.43594357539533896
-0.8451710074767915,-0.6013190036088181,0.017683959228576098,-0.0008773593011509396
-0.9389778847624854,-0.5458265697484502,0.42691630423783977,0.0666410494365817
-1.0102429958018784,-0.6337836107384077,0.01291015133225457,0.25746973479134666
0.49170313310434194,-0.27655769800786195,-0.19582751346934485,-1.1556885107770998
1.0051776834112227,-0.25672187485389125,-0.15782292472462373,-1.4194537188981684
0.5466432840801867,-0.20796335708468783,0.03589533083521886,-1.2115288762181624
0.20958953075400943,-0.24273312648397455,0.09960108827174065,-1.0149916652376507
0.4502268665052119,-0.2461998589866534,-0.06675344925626674,-1.1458912474795624
0.7389082966765891,-0.3372177865067135,-0.4712591355491665,-1.2582453335620165
0.09793758764276751,-0.2469441211583195,0.1856964547826097,-0.9484885709022107
-0.6093682586086612,-0.5852116817975286,-0.24569464602756108,-0.2608060566424566
-0.29134267387174656,-0.42469145571334416,-0.03517850563733045,-0.6133592517964884
0.5246600453293492,-0.3442771411971461,-0.45599505859020356,-1.1455798841931921
0.003933904186574686,-0.3755376550995277,-0.21248344597815133,-0.8347865822744017
0.4931225548867214,-0.24639522652051837,-0.08567254223553519,-1.1684899077617077
0.6078253463368634,-0.37952113763849316,-0.6074940491243965,-1.1744946595268624
-1.0209527072856237,-0.6048762262533454,0.18468572197083827,0.2420025647478818
-0.48687233175637423,-0.39776848135788523,0.38820515938250777,-0.4802380443990638
-0.6961262630492392,-0.5637117611619795,-0.01525757313646089,-0.19188817348613144
-0.45908360557753686,-0.44114972560896026,0.15346572922111795,-0.47795549679821636
-1.1256776496479943,-0.6386575406681859,-0.00586660142153665,0.478887093803173
0.08814351678913164,-0.22971721402991446,0.2617231152326454,-0.949998720462439
0.011786817776312386,-0.23381530389829605,0.3292754515308049,-0.9025126999187976
-0.6767392206242082,-0.5495908517465468,0.02052594683682388,-0.22081628753544172
-1.0618215648493388,-0.5685417639538791,0.4225160901979123,0.2664126895280597
1.1172100369218256,-0.2397196062484891,-0.06687664952777887,-1.4789325086246985
0.10149736018576365,-0.2856947768212319,0.03378141071136975,-0.9340225730114701
-0.33027592990166316,-0.37552371036026444,0.22717533295575798,-0.610518542134325
-0.5847441375579309,-0.392948514731485,0.5817287705079954,-0.4032379256407103
-0.49578429294901727,-0.3686673643427305,0.5309934428072515,-0.4893472230690515
1.0200534202884426,-0.25122434119502113,-0.13461638573108758,-1.4286404870607445
-1.0267354133154478,-0.5934783564262818,0.2539881507278536,0.23843541601512278
-0.36512185627801413,-0.5262463078765488,-0.35091534541554403,-0.5038283690684946
0.24983649794473867,-0.366716817205756,-0.39742667618222943,-0.9855970684689577
-0.6712750377174125,-0.4583050558762782,0.4360628385130932,-0.2870143942054149
0.9523760964816335,-0.21553903200887817,-0.018447311135161803,-1.4099938113686934
-0.9449918239649734,-0.4961765397679723,0.6995012062387664,0.03008837373914891
-0.36297310958657586,-0.3486035823357675,0.39207277803945506,-0.600576321664477
-0.27650651766017603,-0.35112380602060816,0.24621935447501409,-0.6610575239543575
0.9147600223506615,-0.19424481442832306,0.05326524677605858,-1.4000133358423956
0.4070780132079013,-0.21385094613677846,0.07377304000816444,-1.1357506558047072
0.7494126858093738,-0.24798879898483991,-0.14782259855913096,-1.2986497216979576
0.8558044505643605,-0.31170485875323584,-0.378232846630434,-1.3261033394638801
0.7322375009256565,-0.3097082008526233,-0.3708513004978843,-1.2658690508878696
0.26591808399186506,-0.3929239878805131,-0.5067771732221855,-0.983462972367311
0.13432692328184467,-0.2519630151444699,0.13112151831063248,-0.9677334238419896
-0.3539905231123818,-0.3605382606496485,0.3273297020586829,-0.6009950919085835
-0.7126305464075801,-0.5910188296620347,-0.11863474340525616,-0.15552309796945646
-0.9852887043819325,-0.548383009891237,0.4687376794129464,0.13069239917280648
-0.757253802187689,-0.5190878603278839,0.2928676839439266,-0.162171630689479
0.6624262643514911,-0.21359632739388557,-0.013154757307723017,-1.2684605628112768
0.11851698884198479,-0.27709776084440363,0.050231937118385445,-0.9477796089634715
-0.12571163450067094,-0.39016775691191957,-0.11938703792334855,-0.7446374399685377
-0.4205614648967717,-0.5424698887746114,-0.3395941958252047,-0.45085131043813387
-0.8762872907767406,-0.6089931545129799,0.01813681947780683,0.043853902012813605
-0.5076524430540471,-0.4024467266929455,0.4033712064832849,-0.46103705420502883
-0.5495891094126041,-0.43931270068127065,0.31220726666921483,-0.4053579633952028
-0.9450690852009864,-0.5147694623050245,0.6005533226277221,0.046517260390911246
0.03196909603945129,-0.3436363291274632,-0.1186667551017159,-0.8666016170907976
0.7212468276048922,-0.4025375870548707,-0.7078412839243932,-1.2229447864592204
-0.23312365641036673,-0.3462108375577699,0.2023456785369122,-0.6935134713770368
-0.456810500135468,-0.4520647697366548,0.10264167782580079,-0.4736232443073683
-0.8525338220674751,-0.5806585406306803,0.1317710932649992,-0.009552956811864962
0.19998958184644858,-0.4083703388045018,-0.5174377815021974,-0.9385926074918539
-0.6168530242570344,-0.41312604900846567,0.5479687281767247,-0.3638355899824825
0.5278397720322758,-0.250995334585582,-0.11532700169626768,-1.184840591405113
0.26214390777947255,-0.36155179432710005,-0.38668902793271637,-0.9948392599480401
0.1685535850561654,-0.31926252315915443,-0.15526473685224032,-0.9590637819972943
0.8492048106507727,-0.22159860451491162,-0.05197086329944156,-1.3578693559740829
0.23326041702831318,-0.23740720275113011,0.10053452614750928,-1.030615654278987
-0.9619986773537271,-0.5544322886451648,0.408975372836368,0.10482524681688514
-0.8304623830134358,-0.6101937392091837,-0.046090092261936284,-0.010867021128808265
-0.20174639294397437,-0.4785229317729734,-0.37647941155622355,-0.6493585662803738
0.5018256778810929,-0.22563835910185834,-0.012897946504849316,-1.1812743130927996
0.27056348786998363,-0.28766593425549614,-0.11600817221477229,-1.0308382103760818
-0.9655957071094958,-0.4991478792294806,0.7124186866844416,0.058573987197691704
0.2817257840893512,-0.20707279614547328,0.1775492840582218,-1.0701082572400806
-0.7885202413956626,-0.5616646190399163,0.13473575234212026,-0.09740560400710123
-0.8678611913991388,-0.5800682172507642,0.15537445633093672,0.008276134841194787
-0.6038325941546175,-0.5719588714842561,-0.1942549640661722,-0.2747890950649235
-0.6764180719124427,-0.5969251035692623,-0.1995780441738293,-0.18792846857193513
-0.24264184830624055,-0.3051435094225349,0.38417006911960155,-0.7068435787848314
0.9794405431257558,-0.26363388513733704,-0.18805738199224883,-1.4045163625072516
-0.4016419355163333,-0.4475116325426055,0.03502305274527404,-0.5192485663390773
-0.34033793318648353,-0.35218367174455134,0.3406208246242259,-0.615164947203777
-0.5494262264462105,-0.4908842819527923,0.08263574512592904,-0.37458924932193405
0.3748641127599145,-0.3167251161660687,-0.2894648102116865,-1.0765888524644711
0.004620987650144608,-0.3955015015878563,-0.2906459948027401,-0.8260569211736963
0.7493485059368128,-0.19587748981382283,0.041363498369698395,-1.3186890687261204
-0.46908797059036517,-0.5059188385730529,-0.11043903170535743,-0.43279052893450465
0.15514874215149052,-0.3148707274632817,-0.1270395712871062,-0.9531180027659709
0.17677799193595203,-0.25194777945383007,0.09264786168287441,-0.9923632911705369
-0.7547964951012803,-0.5535977117280441,0.1228333659778884,-0.1394249968635518
0.4308622802317998,-0.20796909745362277,0.08330931253261804,-1.1507855406879481
-0.5787075625267953,-0.4617338163647254,0.26138329565734325,-0.36718713170638995
0.2833352711545301,-0.41576289921191595,-0.6037580920549159,-0.983468072777934
-0.37963415187631255,-0.3599581395691219,0.3712353526102883,-0.582497986310213
-0.6258825556247803,-0.5334242624350914,0.014567078550365499,-0.2798206348929181
-0.11838529320322855,-0.4284699351360895,-0.28038341036589637,-0.7310675836156184
1.0710199496274482,-0.26728197489505423,-0.1802977588936801,-1.4466086654126025
0.4505223753785957,-0.23507143509242162,-0.025918160309178772,-1.1504866737244246
-0.9306213608464905,-0.6441045841445447,-0.10621799091621953,0.14888700095809013
0.09638217924934549,-0.23554923275047018,0.23093591529267699,-0.9523983264081896
-0.20667450477043006,-0.4440998899154764,-0.23129990611207962,-0.6633535276453536
0.9003030365178557,-0.19433642754372404,0.05120196608164061,-1.393012171014467
-0.34825330000287297,-0.32220151387099577,0.47921984012811614,-0.6246397130279421
-0.8110546471679236,-0.5587395817734059,0.1825247033442388,-0.07493191248316138
-0.7622157165944962,-0.498921171522668,0.3983234874245045,-0.17164793668141168
-0.5703401208805267,-0.40911659182843957,0.48324286296043684,-0.40579913512619425
-0.9996544598411934,-0.6135209097755312,0.12025541523647724,0.21840040191779272
0.009274250070807661,-0.41876026600135746,-0.3856579771722024,-0.8182241900796157
