-0.4639363778073331,-0.539881201818478,-0.5200884943137695,-0.5492038877774166
-0.7167162047663624,-0.600844146854077,-0.1821991618247735,-0.3308923176342836
-0.6015384269436451,-0.5730667066081557,-0.33615663119352795,-0.43036481836571955
-0.7461881536703242,-0.607951900754927,-0.142804178205596,-0.3054390703644966
-0.17045986983910622,-0.4101771007398288,-0.9677030292541103,-0.6203512043524203
-0.6862238445034579,-0.5934903002078633,-0.2229581234048709,-0.35722683620108253
-0.7235470179263668,-0.6024915349871867,-0.1730684533866945,-0.3249929325280637
-0.12579400111119995,-0.38693678926657044,-1.03911411931685,-0.6203512043524203
-0.035995712255092426,-0.3402134127328081,-1.182682214500388,-0.6203512043524203
-0.6481850348059764,-0.5843164753314699,-0.2738043802916642,-0.39007879425222475
-0.3867674231953189,-0.5212703546038805,-0.62323978955915,-0.6158503280820992
-0.9298746239835705,-0.6522515916290117,0.10272846412611258,-0.1467995055283585
-0.25700878664211846,-0.4552097809822805,-0.829329979122634,-0.6203512043524203
0.023382675747173082,-0.30931796009179735,-1.2776154495224323,-0.6203512043524203
-0.3860075751526987,-0.5210871019487342,-0.6242554740423729,-0.6165065656515691
-0.8893161426652251,-0.6424700972072341,0.04851417675877329,-0.18182756075629408
-0.1948807830282599,-0.42288366271077593,-0.928659256439826,-0.6203512043524203
-0.10525562447424251,-0.3762503684313306,-1.0719505536129978,-0.6203512043524203
-0.19344595127170766,-0.4221370985470488,-0.9309532429380223,-0.6203512043524203
-0.40790054717286167,-0.5263670329700788,-0.5949912649831108,-0.5975988499753648
-0.6381990919046889,-0.5819081641321806,-0.28715253240404076,-0.39870308559843665
-0.322637394497429,-0.48935731536485516,-0.7244039906727608,-0.6203512043524203
-0.793898082831475,-0.6194581108196051,-0.07903059187439196,-0.2642347160776467
-0.1525067482410344,-0.4008358263005433,-0.9964061983597461,-0.6203512043524203
-0.16333237110865048,-0.40646855783584723,-0.979098362385617,-0.6203512043524203
0.18243253407498697,-0.22656196871427842,-1.5319018673396545,-0.6203512043524203
-0.6572919392750256,-0.5865127887132378,-0.2616312337668556,-0.3822136784409701
-0.716422960322719,-0.6007734250519661,-0.1825911399763166,-0.3311455761941049
-0.4290677026470598,-0.5314719187169257,-0.5666972507023478,-0.5793179807991035
0.11744636744747874,-0.26037523143344166,-1.4280030038441418,-0.6203512043524203
-0.44288477163052575,-0.5348041831113017,-0.5482280545171063,-0.5673849635926104
-0.640028348836555,-0.5823493262736968,-0.2847073752445679,-0.3971232603497407
-0.49607105052035,-0.5476311251802742,-0.4771342631815775,-0.5214509972860741
-0.24803156529230766,-0.4505388000683094,-0.843682619753666,-0.6203512043524203
-0.11212895463171574,-0.37982666367124424,-1.060961581207775,-0.6203512043524203
-0.17511052746049593,-0.4125969066174441,-0.9602676308232599,-0.6203512043524203
-0.32711707515542204,-0.49168815940209293,-0.7172419475281618,-0.6203512043524203
0.010500232268677363,-0.31602088578212045,-1.2570192010295367,-0.6203512043524203
-0.4315350479949223,-0.5320669687279772,-0.5633991644482408,-0.5771870748504079
-0.6519949923157672,-0.5852353232990927,-0.2687116321270598,-0.38678835048482774
-0.38734544666820264,-0.5214097566029665,-0.6224671489265282,-0.6153511220597561
-0.24982433712687555,-0.4514716057434806,-0.8408163642752342,-0.6203512043524203
0.19466118069124072,-0.22019922319175383,-1.5514528356680313,-0.6203512043524203
-0.45966109572732994,-0.5388501314613598,-0.5258032391397027,-0.5528962059300101
-0.23053500702018803,-0.44143508227360717,-0.8716558425777793,-0.6203512043524203
-0.39612349140800546,-0.5235267588393806,-0.6107335872995111,-0.6077700237063512
-0.26147903491292,-0.45753571720909153,-0.8221830163306716,-0.6203512043524203
-0.40887347726593193,-0.5266016746521343,-0.5936907549556264,-0.5967585855491531
0.035085696614947766,-0.3032287054127497,-1.2963260556518201,-0.6203512043524203
-0.6009380932736303,-0.5729219240558121,-0.33695909373760125,-0.4308832924373549
-0.7412832599547663,-0.6067689868745584,-0.1493605212627814,-0.3096751483035887
-0.6739126305804726,-0.5905212030819676,-0.23941445184139987,-0.3678593319750848
-0.6967679933121064,-0.5960332340012827,-0.20886382068507214,-0.3481204541375644
-0.1679536901973106,-0.4088730984413829,-0.9717098699405392,-0.6203512043524203
-0.5419572227722408,-0.5586974995446314,-0.4157984821614432,-0.4818217181909819
-0.10995129719794468,-0.37869359633181343,-1.0644431857429097,-0.6203512043524203
-0.3678259325107495,-0.5128695793901734,-0.6521572651577898,-0.6203512043524203
-0.5401892333767199,-0.5582711133031371,-0.41816174335948564,-0.48334863015059465
-0.6897441724200677,-0.59433929816735,-0.21825252144210686,-0.35418652905260767
-0.465517971617916,-0.5402626350115579,-0.5179743870159066,-0.5478379550909724
-0.5530271520384946,-0.5613672358820806,-0.401001371745345,-0.47226124942825504
-0.11942462507838489,-0.3836227088040439,-1.049297377775196,-0.6203512043524203
-0.16732273397969386,-0.4085448025984715,-0.9727186328408277,-0.6203512043524203
0.0006212821351195587,-0.32116104950604296,-1.2412248905682235,-0.6203512043524203
-0.27861759888256393,-0.46645316527856184,-0.7947821491800094,-0.6203512043524203
-0.5942297263934234,-0.5713040663085521,-0.3459261289417665,-0.4366769276507833
-0.29595470398054663,-0.4754739172307119,-0.7670638575887005,-0.6203512043524203
-0.01747869701885742,-0.3305787361016044,-1.212286927906572,-0.6203512043524203
-0.5835319643923692,-0.5687240856007565,-0.3602257655272771,-0.44591597669818306
-0.16129584286108606,-0.40540892209729695,-0.9823543317923255,-0.6203512043524203
-0.3766341961525794,-0.5174526491121961,-0.6380747514591343,-0.6203512043524203
-0.6483405042172102,-0.5843539699103917,-0.2735965652289822,-0.38994452415763686
-0.17485556791264917,-0.4124642473974669,-0.9606752561477457,-0.6203512043524203
-0.3288774954974164,-0.49260413211765885,-0.7144274151084246,-0.6203512043524203
0.05603272245232922,-0.2923296583604088,-1.329815831877424,-0.6203512043524203
-0.8670263955690756,-0.6370944758871823,0.01871960075058872,-0.2010779485154504
-0.2668168898417553,-0.4603130819996635,-0.8136489376276027,-0.6203512043524203
-0.35500476343680726,-0.5061985356779181,-0.6726555490941518,-0.6203512043524203
-0.42387077457039607,-0.5302185748702152,-0.5736439544007477,-0.5838062722185023
-0.7162808580355208,-0.6007391542241548,-0.1827810872816222,-0.3312683018633656
-0.5582207308120642,-0.5626197719769109,-0.3940591450410168,-0.4677758506115853
0.14172539234441542,-0.24774249603744855,-1.4668199278832215,-0.6203512043524203
-0.3044768165720969,-0.47990809833316206,-0.7534388376991896,-0.6203512043524203
-0.795673122459439,-0.6198861973666107,-0.07665790667142504,-0.2627017152329635
-0.6836164949095104,-0.5928614853538593,-0.22644335252486403,-0.35947865586016875
-0.30458977704196627,-0.4799668733347168,-0.7532582382724435,-0.6203512043524203
-0.6419392044128904,-0.5828101675713294,-0.2821531456490413,-0.39547296298936563
0.1664521054264345,-0.2348768218638043,-1.506352608767863,-0.6203512043524203
-0.7697667646386425,-0.6136383575492437,-0.11128678531492812,-0.2850755641297925
-0.7742035049236614,-0.6147083668034894,-0.10535622024030673,-0.2812438037017867
-0.8939728337035155,-0.6435931520143768,0.05473874873298555,-0.1778058413632929
-0.2392621288776029,-0.44597593272626346,-0.8577030570908378,-0.6203512043524203
-0.6478952118885537,-0.5842465786993002,-0.2741917849089001,-0.3903290978343072
0.023481785062213573,-0.3092663920507619,-1.2777739039401785,-0.6203512043524203
-0.3012097914332702,-0.47820821688050696,-0.758662106227721,-0.6203512043524203
-0.3730278593971065,-0.5155762188117978,-0.643840506076166,-0.6203512043524203
-0.49457943256527165,-0.5472713914764281,-0.4791281002738535,-0.5227392229397757
0.05444675628063791,-0.2931548599934653,-1.3272802140477782,-0.6203512043524203
-0.7463884601203276,-0.6080002086885493,-0.1425364297325511,-0.30526607706777653
-0.08064412443416824,-0.3634446413057754,-1.1112990336940043,-0.6203512043524203
-0.907674404662294,-0.6468975617345274,0.07305355937672672,-0.1659725732365475
-0.0803004867706295,-0.36326584155191355,-1.1118484361983954,-0.6203512043524203
0.07685321593936845,-0.2814964479595681,-1.3631033101667407,-0.6203512043524203
-0.3708226867760154,-0.5144288349138454,-0.6473661014610427,-0.6203512043524203
-0.21635004820019688,-0.4340544386053923,-0.8943345321606772,-0.6203512043524203
-0.5458727507852045,-0.5596418079647744,-0.4105646185159209,-0.47844009917995173
-0.5070524832461423,-0.5502795187950982,-0.46245544557920537,-0.5119669579557622
-0.6864241697310198,-0.5935386126700721,-0.2226903498319722,-0.35705382668725205
0.11355307460577792,-0.26240096922551126,-1.4217784683391235,-0.6203512043524203
-0.4992053816667867,-0.5483870322465236,-0.47294462086870154,-0.5187440536103906
-0.28623950330973597,-0.4704189547717867,-0.7825963679783933,-0.6203512043524203
-0.842380363454564,-0.6311505889907565,-0.014224607811688529,-0.22236332572867706
-0.6464159100382514,-0.5838898152721076,-0.27616915913516454,-0.3916066867682826
-0.21281859859839095,-0.4322169731975651,-0.8999805583714923,-0.6203512043524203
-0.11061647464778819,-0.3790396979874987,-1.063379710473508,-0.6203512043524203
-0.148963105886331,-0.39899201682322566,-1.0020717181525753,-0.6203512043524203
-0.6813724476657339,-0.5923202881767531,-0.22944295749490912,-0.36141671192721225
-0.8391772295832783,-0.6303780887620554,-0.018506218328880147,-0.22512969040750258
-0.6121295964934771,-0.5756209804000821,-0.3219994761209813,-0.42121782716040207
0.1802990204900521,-0.22767206735689893,-1.5284908392973704,-0.6203512043524203
-0.7860227549370818,-0.6175588169268175,-0.08955749711592355,-0.2710361891963684
-0.2905351800714351,-0.47265405886297723,-0.7757285073759539,-0.6203512043524203
-0.7437301331395283,-0.6073590996112677,-0.14608980003066954,-0.3075619229986553
-0.36387674132803643,-0.5108147568653323,-0.6584711700533079,-0.6203512043524203
-0.26636544945076573,-0.4600781908938369,-0.814370693441092,-0.6203512043524203
-0.7643091320550454,-0.6123221395613572,-0.11858197121969846,-0.2897890112150401
-0.1487931223107175,-0.3989035718571899,-1.0023434852260262,-0.6203512043524203
-0.4755374987818373,-0.5426790457320062,-0.5045813430139362,-0.5391846589258399
-0.19712933399367977,-0.42405361700223265,-0.9250643084386929,-0.6203512043524203
-0.26698408350100217,-0.4604000753309905,-0.8133816310286618,-0.6203512043524203
-0.49982896050998804,-0.5485374208404266,-0.47211108663609175,-0.5182055040037824
0.01050077994416325,-0.3160206008184728,-1.25702007664451,-0.6203512043524203
-0.2995549204242798,-0.4773471630424792,-0.7613078880300439,-0.6203512043524203
0.014200637014108173,-0.3140955105166172,-1.2629353500728764,-0.6203512043524203
0.2106338281019205,-0.2118884187352674,-1.576989653718808,-0.6203512043524203
0.1051596466304193,-0.26676819382073824,-1.4083591873947687,-0.6203512043524203
-0.2578270799803037,-0.45563555109708037,-0.8280217045735178,-0.6203512043524203
-0.38418614584193467,-0.5206478275956573,-0.6266901680659972,-0.6180796306287917
-0.30829525671535,-0.4818948891602204,-0.7473339755139241,-0.6203512043524203
-0.8517181185392071,-0.6334025766466909,-0.0017428846043727486,-0.21429883736081826
0.10485112899621533,-0.26692872010441066,-1.4078659342422042,-0.6203512043524203
-0.046615593771329275,-0.34573909400299563,-1.1657033145705225,-0.6203512043524203
-0.35190526414038126,-0.5045858203963931,-0.6776109799345283,-0.6203512043524203
-0.06577803677357975,-0.3557095962375714,-1.1350667013795452,-0.6203512043524203
-0.054374229506609854,-0.3497760268161442,-1.1532989294989755,-0.6203512043524203
-0.15859317948494953,-0.4040026864086684,-0.9866753075901608,-0.6203512043524203
-0.24336300063973154,-0.4481096768977771,-0.8511466476649947,-0.6203512043524203
-0.8802367238872901,-0.6402804125533076,0.036377770198285565,-0.18966893873824547
-0.8583111327130233,-0.6349926147661585,0.0070699593044185206,-0.20860482572398378
-0.6353629271474883,-0.5812241658943262,-0.29094361742917074,-0.4011525199096226
-0.2047963919198108,-0.428042900528145,-0.9128063365314519,-0.6203512043524203
-0.4187603906536743,-0.528986102890256,-0.580474975021169,-0.5882198203655806
-0.5216346900980621,-0.5537963115926319,-0.4429634940311483,-0.499373134657867
-0.45440754049598303,-0.5375831308361002,-0.5328256360282075,-0.557433403004581
0.03500277834358347,-0.3032718490145248,-1.2961934872206466,-0.6203512043524203
-0.3079446369280956,-0.48171245650422256,-0.7478945409281541,-0.6203512043524203
-0.14784405953929572,-0.3984097604740535,-1.0038608318930764,-0.6203512043524203
-0.1766789201384324,-0.41341296450203735,-0.9577601092196807,-0.6203512043524203
-0.4901757410448091,-0.5462093525971975,-0.48501448925606316,-0.5265424410281162
-0.671090915637748,-0.5898406897078237,-0.24318622188310512,-0.3702962868027435
-0.5632679270371784,-0.5638370049727441,-0.38731258704245775,-0.46341687408256116
-0.34024775607994573,-0.4985202467034923,-0.6962488209016912,-0.6203512043524203
-0.6750187451102019,-0.5907879648726144,-0.23793591494784008,-0.36690404372028884
-0.5555745820056638,-0.5619815999115952,-0.3975962368438611,-0.47006117894536587
-0.2693725621650072,-0.4616428360715652,-0.8095629688186593,-0.6203512043524203
-0.24306013114110017,-0.4479520894224987,-0.8516308706670318,-0.6203512043524203
-0.7780960980967274,-0.6156471440251942,-0.10015301346260895,-0.2778819922085055
-0.315662291397196,-0.48572806615904657,-0.7355556760619324,-0.6203512043524203
-0.3946113106245724,-0.5231620659954408,-0.6127549106055029,-0.6090760083062421
-0.5642307472163259,-0.5640692084454921,-0.38602559087843324,-0.4625853410144208
-0.6072175641461263,-0.574436344894919,-0.3285653613459906,-0.42546007033005895
-0.604563856561127,-0.5737963498779469,-0.3321125569244641,-0.4277519267513225
-0.7634228307043984,-0.6121083901448214,-0.11976668510829055,-0.29055445931984913
-0.38792823077569005,-0.5215503067249434,-0.6216881447811697,-0.6148478045478697
-0.08020757640873706,-0.36321749891779553,-1.1119969798271174,-0.6203512043524203
-0.1592678708726182,-0.40435373830678023,-0.9855966215862486,-0.6203512043524203
-0.4801288142147159,-0.5437863338955551,-0.498444158233312,-0.5352194007276982
-0.3940117786456189,-0.5230174767870386,-0.613556301533772,-0.6095937900028707
-0.7583838183550524,-0.6108931308554135,-0.12650230376744978,-0.2949063679004917
-0.4697112445729262,-0.5412739272169166,-0.5123692633129688,-0.5442164635587571
-0.26443009251490834,-0.45907119608365515,-0.8174649117421391,-0.6203512043524203
0.15170246330254714,-0.2425512785986862,-1.482771112379234,-0.6203512043524203
-0.39456542259155075,-0.5231509991723143,-0.6128162488738031,-0.6091156391923782
-0.6568806211691132,-0.5864135910700377,-0.26218104029975536,-0.38256891051233555
-0.6458403811111965,-0.5837510148829763,-0.27693846532280675,-0.3921037383931678
-0.315770828763551,-0.4857845397544879,-0.7353821482236813,-0.6203512043524203
-0.16422164718347504,-0.4069312613173476,-0.9776766017509633,-0.6203512043524203
0.07989570183815672,-0.2799133975912529,-1.3679675888815805,-0.6203512043524203
-0.5365401569288839,-0.557391065042972,-0.42303944273919314,-0.48650013008823983
-0.5283793138055337,-0.5554229134038241,-0.4339479945357064,-0.4935481864833378
-0.7764786773178219,-0.6152570704373209,-0.10231501046178709,-0.27927886661131224
-0.5004035688627694,-0.5486759992145358,-0.471343010974756,-0.5177092474265776
-0.7384115615200726,-0.6060764189748999,-0.1531991039490716,-0.3121552710325168
-0.8635565302878786,-0.6362576480082992,0.014081451900679144,-0.20407467395369536
-0.5087554823350288,-0.5506902313155569,-0.4601790565481039,-0.5104961744303529
-0.12609613472114298,-0.38709399384809084,-1.038631072842101,-0.6203512043524203
-0.5849860669727543,-0.5690747717166171,-0.35828207501934545,-0.4446601509414683
-0.11868127603600354,-0.38323593331371314,-1.0504858325601443,-0.6203512043524203
-0.3674354073087879,-0.5126663833572689,-0.6527816307228912,-0.6203512043524203
-0.3209457556668797,-0.4884771306859963,-0.7271085562912623,-0.6203512043524203
-0.6481417759958611,-0.5843060425983871,-0.2738622040929146,-0.3901161544279652
-0.18495187796127932,-0.41771750669686913,-0.9445334340648445,-0.6203512043524203
-0.9302466972375493,-0.6523413245859664,0.1032258122924449,-0.1464781670051799
-0.5723283049794555,-0.5660220975457615,-0.37520163225685216,-0.45559194058820707
-0.6265631375759676,-0.5791019194539075,-0.3027062452469619,-0.40875239803834384
-0.590191079235618,-0.5703300652276061,-0.35132456523601496,-0.4401648776699022
-0.534643161661882,-0.556933566438015,-0.42557514533940877,-0.48813845708717574
0.05990931678061515,-0.290312609051603,-1.3360136700612133,-0.6203512043524203
-0.45866378126313134,-0.5386096089972234,-0.5271363436150225,-0.5537575297517127
-0.5947135203440198,-0.5714207429610112,-0.3452794443665146,-0.4362591023114316
-0.060310076028074526,-0.35286453546816804,-1.1438087912207946,-0.6203512043524203
0.2364464974525301,-0.19845770546919808,-1.6182585444457558,-0.6203512043524203
-0.688716807915931,-0.5940915285310199,-0.21962579363198684,-0.3550738053859509
-0.5621777808518126,-0.5635740942698659,-0.388769779142476,-0.4643583713858698
-0.4399030360589709,-0.5340850775404727,-0.5522137232077277,-0.5699601191428326
-0.8100513977411173,-0.623353807959784,-0.05743854927366543,-0.2502840160421094
-0.760734215630561,-0.6114599764840478,-0.12336054132517153,-0.29287646335530215
0.08871154293305539,-0.27532638520843555,-1.382062217293303,-0.6203512043524203
-0.21625186329229398,-0.43400335154704944,-0.894491508650797,-0.6203512043524203
-0.6094933876137975,-0.5749852055482371,-0.32552328128127556,-0.42349457094439624
-0.25724136068222053,-0.45533079269181403,-0.828958143396676,-0.6203512043524203
-0.23474878330646987,-0.4436275723372928,-0.8649189231703234,-0.6203512043524203
-0.4610129149537615,-0.5391761498869219,-0.5239962701993418,-0.5517287164929682
-0.7005586568435561,-0.596947428837541,-0.20379686266971017,-0.34484667348271325
-0.28035001427333395,-0.46735456660421004,-0.7920123906368589,-0.6203512043524203
-0.5021808932781302,-0.5491046367840269,-0.46896727170969194,-0.5161742733408725
-0.2054084068549015,-0.4283613409418854,-0.9118278566564552,-0.6203512043524203
0.08007115275998741,-0.27982210788419576,-1.3682480970623745,-0.6203512043524203
-0.5735511996199141,-0.5663170232114978,-0.3735669960647958,-0.4545357959888146
-0.6324065536943507,-0.5805111769090241,-0.2948953847228111,-0.40370577163958987
-0.11554828057990027,-0.3816057894853753,-1.055494816535019,-0.6203512043524203
-0.42771795195296325,-0.5311463991595864,-0.5685014546475016,-0.5804836837623298
-0.5916999265504161,-0.5706939541384646,-0.3493076977582647,-0.4388617719974181
-0.8237406680230076,-0.6266552511240266,-0.039140180873567375,-0.23846137131089987
-0.23080261827155385,-0.4415743243618641,-0.8712279899082274,-0.6203512043524203
-0.3227906852777833,-0.4894370748228681,-0.7241589117784413,-0.6203512043524203
0.11016209636303967,-0.2641653453096383,-1.416357025533027,-0.6203512043524203
-0.11465750079157941,-0.3811423035995242,-1.0569189812832152,-0.6203512043524203
-0.4500798418252198,-0.5365394191627034,-0.5386104458078057,-0.5611709903875876
-0.378240580899296,-0.5182884748315391,-0.6355064887321294,-0.6203512043524203
-0.10088560455427135,-0.3739765824964112,-1.078937272890352,-0.6203512043524203
-0.27334392600148577,-0.46370919535577926,-0.8032136146322154,-0.6203512043524203
-0.09862214918939802,-0.37279887322569427,-1.0825560498114637,-0.6203512043524203
-0.13900128292966127,-0.3938087331449254,-1.0179985243831091,-0.6203512043524203
-0.4780027249681722,-0.5432735846645855,-0.5012860894307851,-0.537055583176516
-0.6048255363008219,-0.5738594592161399,-0.3317627711301027,-0.42752592883236396
-0.30319482757121957,-0.47924106051358717,-0.7554884615978934,-0.6203512043524203
-0.5615223694286064,-0.5634160286083403,-0.3896458638006424,-0.46492441298266657
-0.464136915961312,-0.5399295656321795,-0.5198204361233603,-0.549030694371141
-0.33581363495695515,-0.496213107965495,-0.7033380241766101,-0.6203512043524203
-0.8183763088771595,-0.62536152790373,-0.04631068871363965,-0.24309426342903392
-0.5842521151278574,-0.5688977644509761,-0.35926314420486827,-0.4452940234367402
-0.6486075430957516,-0.584418371712825,-0.2732396159047246,-0.3897138978550361
-0.586557304958192,-0.5694537073939471,-0.35618181029305085,-0.44330316199264286
-0.052651566890100934,-0.34887970000304924,-1.15605309545967,-0.6203512043524203
-0.48065633704598737,-0.5439135566480773,-0.49773902151621185,-0.5347638092393795
0.012479082406356487,-0.31499126081638384,-1.2601829555791977,-0.6203512043524203
-0.026291724091412498,-0.3351642843070168,-1.1981967985096174,-0.6203512043524203
-0.5077426904334116,-0.5504459761557464,-0.4615328496244918,-0.5113708652351147
-0.4423873716629007,-0.5346842250938766,-0.548892926176616,-0.5678145396755901
-0.44605360202462235,-0.5355684103657723,-0.5439922972594444,-0.5646482248774414
-0.3140866150923193,-0.4849082184957347,-0.7380748426139752,-0.6203512043524203
-0.09175335350071097,-0.36922493733689055,-1.0935377725791424,-0.6203512043524203
-1.0092330627619543,-0.6713904770359621,0.20880643019158926,-0.07826213218556922
-0.35566017490922147,-0.5065395559512467,-0.6716076875162245,-0.6203512043524203
-0.6460070763078349,-0.5837912167860815,-0.27671564481770994,-0.3919597732257285
-0.4567530426725735,-0.5381487959130667,-0.5296904168363371,-0.5554077260781203
0.09638218014902908,-0.2713352393251313,-1.3943259117129814,-0.6203512043524203
-0.10925689183159601,-0.3783322869593045,-1.0655533901466003,-0.6203512043524203
-0.5184196039249908,-0.5530209288256936,-0.44726108112099844,-0.5021498218604514
-0.6584914685482572,-0.5868020793502017,-0.26002782992601464,-0.3811777131813125
-0.9509341933887439,-0.6573305308290494,0.1308786687307428,-0.12861155232540422
-0.17501746948831964,-0.4125484871795144,-0.9604164104489875,-0.6203512043524203
0.02706195525502262,-0.3074035765995498,-1.2834978238674066,-0.6203512043524203
-0.45127387719683415,-0.5368273848346717,-0.5370143856334767,-0.560139769898518
-0.07124382957389484,-0.3585535289930594,-1.1263280776150486,-0.6203512043524203
-0.5839596634231149,-0.5688272338338131,-0.35965406270690814,-0.4455465973530271
0.05941752475809665,-0.2905684957075421,-1.3352274006923994,-0.6203512043524203
-0.28341127853458037,-0.4689473876319778,-0.7871180893707753,-0.6203512043524203
-0.4241976331957915,-0.5302974034090828,-0.5732070443668984,-0.5835239830003187
0.031150974635999463,-0.305275999397078,-1.290035283892242,-0.6203512043524203
-0.6603238720501816,-0.5872440003504443,-0.25757846676454627,-0.37959517041888813
-0.5993641914506982,-0.5725423459404334,-0.33906291920006576,-0.4322425819912288
-0.13032587255092554,-0.3892947889387045,-1.0318686343693513,-0.6203512043524203
-0.3620588468386077,-0.5098688795016296,-0.6613775912381276,-0.6203512043524203
-0.6033121560133865,-0.5734944770876578,-0.333785697806156,-0.4288329493756892
-0.6056186436655843,-0.5740507330265029,-0.3307026291033615,-0.4268409670766086
-0.5539593620282293,-0.5615920570913104,-0.39975529204444366,-0.4714561526410219
-0.6483149289307122,-0.58434780191509,-0.2736307515665039,-0.38996661207904815
-0.41693695180269297,-0.5285463438960932,-0.5829123551855776,-0.5897946208684793
-0.4161581645766115,-0.5283585236755116,-0.583953355565779,-0.5904672151343217
-0.11413754221460992,-0.38087176146912083,-1.0577502828973195,-0.6203512043524203
-0.6881032051319369,-0.593943545864664,-0.22044599292396144,-0.355603739237198
-0.09655160414207317,-0.3717215380436031,-1.0858664047438664,-0.6203512043524203
0.17113455719635792,-0.2324404730209228,-1.5138388391845015,-0.6203512043524203
-0.5411651970802308,-0.5585064866014324,-0.4168571783224732,-0.4825057457674562
-0.38521164124574553,-0.520895146460809,-0.6253193942917105,-0.6171939685311717
0.03774718266345108,-0.30184389489611696,-1.3005811977843549,-0.6203512043524203
-0.5935285755868522,-0.5711349696737579,-0.3468633531690972,-0.4372824717534561
-0.7085963701195038,-0.5988858852347478,-0.1930528978279741,-0.33790495733889725
-0.5973554881790687,-0.5720579067009011,-0.34174794124389096,-0.43397738484498727
-0.7563194181660968,-0.610395259182801,-0.12926177555848575,-0.2966892730162852
-0.834294684327117,-0.6292005646626602,-0.02503268832966517,-0.22934646725235838
-0.22879075070181104,-0.44052751993836586,-0.8744445322101897,-0.6203512043524203
-0.4461349083627746,-0.5355880190263345,-0.5438836155475536,-0.5645780052141156
-0.5425275866003738,-0.5588350542661575,-0.41503608013165233,-0.48132912736848416
-1.0053550490143217,-0.6704552159362598,0.2036227116475334,-0.08161135225770529
-0.4887079522000056,-0.5458553657630972,-0.4869764741144746,-0.5278100868335687
-0.37616140144791166,-0.5172066470414355,-0.6388306482142582,-0.6203512043524203
0.18933803888263273,-0.22296893252847375,-1.5429422800707155,-0.6203512043524203
-0.5076351192320666,-0.5504200331945778,-0.4616766394270832,-0.5114637683680519
-0.5813674254794194,-0.5682020634585428,-0.3631190921714226,-0.44778536593864093
-0.5336136846266881,-0.5566852873222843,-0.4269512413373335,-0.48902755789353036
-0.16834058009004782,-0.4090744029691834,-0.9710913164507833,-0.6203512043524203
-0.6663523961397783,-0.5886979003199995,-0.2495201734860331,-0.3743886767857594
-0.8505287968167733,-0.6331157477661326,-0.0033326440711084725,-0.21532598693898436
-0.05912501682159706,-0.35224793165283497,-1.1457034452851536,-0.6203512043524203
0.16546444219907216,-0.2353907176345193,-1.504773548297541,-0.6203512043524203
-0.6469266931569593,-0.5840130009058883,-0.27548639829501725,-0.3911655524183262
-0.8177535836890978,-0.6252113451859522,-0.04714308187036253,-0.2436320757822147
-0.7486465326588199,-0.6085447883478782,-0.1395180772321889,-0.3033159081507956
0.05588995405242876,-0.292403942868395,-1.3295875759998654,-0.6203512043524203
-0.7429433590952331,-0.607169353208658,-0.14714147634457758,-0.3082414150254688
-0.16766238536955147,-0.4087215282352367,-0.9721756035282489,-0.6203512043524203
-0.06460263200041733,-0.3550980157665444,-1.1369459200874095,-0.6203512043524203
-0.6742286578333434,-0.5905974194172596,-0.23899202004054995,-0.36758639719776387
-0.24369568327600102,-0.44828277658908156,-0.8506147598863047,-0.6203512043524203
-0.4242450987141154,-0.5303088506745529,-0.5731435974831196,-0.5834829897297812
-0.3837730122498209,-0.5205481921114045,-0.6272424013488007,-0.6184364306324085
-0.3441213416834441,-0.5005357305283349,-0.6900557930198818,-0.6203512043524203
-0.609419184868404,-0.5749673100621007,-0.32562246766181646,-0.42355865563837947
0.12062714535079584,-0.2587202256917944,-1.4330883816458597,-0.6203512043524203
-0.4996466611202327,-0.5484934556719583,-0.47235476517586505,-0.5183629456259734
-0.9435994852765135,-0.6555616182822009,0.12107440682480837,-0.13494612286366992
-0.21358635839463974,-0.43261644996382165,-0.8987530760562942,-0.6203512043524203
-0.28338929037515354,-0.46893594686773526,-0.7871532436950471,-0.6203512043524203
-0.782545682955624,-0.6167202510070583,-0.09420527912038487,-0.2740391386520457
-0.3424597571771604,-0.49967118355846823,-0.6927123082563347,-0.6203512043524203
-0.5760729586908344,-0.5669251961874943,-0.3701961753018343,-0.4523578960000448
-0.09916026159317805,-0.37307886106042454,-1.08169572414391,-0.6203512043524203
0.07565951598533711,-0.28211754768352737,-1.3611948414107764,-0.6203512043524203
-0.12033257439475653,-0.38409512824903336,-1.047845762654962,-0.6203512043524203
-0.31832567140103674,-0.48711386212862606,-0.7312975059033221,-0.6203512043524203
-0.735587963830166,-0.6053954515383635,-0.15697339064804383,-0.31459385188191313
-0.5385899291166435,-0.5578854088785588,-0.42029952411274013,-0.4847298583457165
-0.6224786084515426,-0.57811685301287,-0.30816601170058594,-0.4122799737043922
-0.11220088223501001,-0.37986408866602644,-1.0608465844842558,-0.6203512043524203
-0.6003196817644698,-0.572772781668558,-0.33778572082468944,-0.4314173793112307
-0.5756149810736509,-0.5668147456636539,-0.3708083513335478,-0.45275342523946444
-0.2889674388280866,-0.4718383399294255,-0.7782349874761356,-0.6203512043524203
-0.11270183605262836,-0.38012474233932875,-1.0600456673811955,-0.6203512043524203
-0.5452183769726592,-0.559483992543952,-0.411439316205919,-0.4790052446513919
-0.3415058535155989,-0.4991748533886641,-0.694237394462581,-0.6203512043524203
-0.7582878568379027,-0.6108699878033517,-0.12663057497233352,-0.29498924440901
-0.34099344592187497,-0.4989082401464152,-0.6950566236831557,-0.6203512043524203
-0.7594357830286492,-0.6111468333179374,-0.1250961486733521,-0.29399784579890303
-0.8670553786462613,-0.6371014657398248,0.01875834226221016,-0.20105291747889936
-0.25313228676755284,-0.453192780819141,-0.8355276662952971,-0.6203512043524203
-0.07288464651737252,-0.3594072702931406,-1.1237047652321428,-0.6203512043524203
-0.83765256068186,-0.630010384157013,-0.020544234429945286,-0.22644646028515167
-0.338615839177875,-0.4976711362264604,-0.6988579040380474,-0.6203512043524203
-0.5619827111790856,-0.5635270492905271,-0.38903052764562795,-0.4645268419756815
0.19917125136657846,-0.2178525667794547,-1.558663465895506,-0.6203512043524203
0.10959756801660388,-0.26445907774964916,-1.4154544664708517,-0.6203512043524203
-0.38366292213455006,-0.520521641663424,-0.6273895581690659,-0.6185315092081443
0.090622653069668,-0.274332006366167,-1.3851176701921784,-0.6203512043524203
-0.10501854067494149,-0.37612701022745054,-1.0723295994711999,-0.6203512043524203
-0.3547727776431164,-0.506077830041684,-0.6730264443409778,-0.6203512043524203
-0.07848026044473204,-0.3623187508992413,-1.1147585854867719,-0.6203512043524203
-0.26777052132745743,-0.4608092705523464,-0.8121242865718495,-0.6203512043524203
0.18545407285813195,-0.2249898174397427,-1.5367326561346886,-0.6203512043524203
-0.12823754985398061,-0.3882082037828369,-1.0352074119290147,-0.6203512043524203
-0.38561979960881826,-0.5209935820684015,-0.6247738113687867,-0.6168414653501173
-0.25153315659276615,-0.4523607297607653,-0.8380843305265336,-0.6203512043524203
-0.8007370719865633,-0.6211074707585541,-0.06988895463097833,-0.2583282698291447
-0.12174746907881216,-0.3848313188593542,-1.0455836512354373,-0.6203512043524203
-0.2507448660158374,-0.451950570525962,-0.8393446371317314,-0.6203512043524203
-0.2410291870223203,-0.4468953591886649,-0.8548779122562614,-0.6203512043524203
-0.6710914725996123,-0.5898408240303916,-0.2431854773954026,-0.3702958057864355
-0.14160943163353926,-0.39516579145304764,-1.0138286571602357,-0.6203512043524203
-0.18653950882746798,-0.4185435744950699,-0.9419951547477572,-0.6203512043524203
0.1408224240513379,-0.24821232378241945,-1.465376276344872,-0.6203512043524203
-0.16197815352575193,-0.4057639384178114,-0.981263464207906,-0.6203512043524203
0.16705364718950338,-0.2345638307962162,-1.5073143442997674,-0.6203512043524203
-0.3104660923956927,-0.48302440704054556,-0.743863277491129,-0.6203512043524203
-0.3284168408723878,-0.49236444670971397,-0.7151639024947132,-0.6203512043524203
-0.7213823254667359,-0.6019694758140989,-0.17596198527580062,-0.3268624543780633
-0.45962139959151127,-0.5388405579389187,-0.5258563007348288,-0.5529304892264402
-0.15320671287945192,-0.4012000282444523,-0.9952871058791035,-0.6203512043524203
-0.8091312232555753,-0.6231318893547274,-0.05866854118573226,-0.2510787184483932
-0.6268570108513659,-0.5791727929114578,-0.3023134265396495,-0.4084985963922745
-0.45582552663834663,-0.5379251067457212,-0.5309302221540634,-0.5562087689627561
-0.49514422290729665,-0.5474076020395563,-0.4783731482907035,-0.5222514456204679
-0.38172363472032367,-0.5200539434556043,-0.6299817924378373,-0.6202063615310204
-0.609658419571089,-0.5750250063276843,-0.32530268401859275,-0.423352042222253
-0.18075865008773045,-0.415535708275948,-0.9512375009924515,-0.6203512043524203
0.06448522200872647,-0.28793169794873724,-1.343329555538642,-0.6203512043524203
-0.032808158059836084,-0.3385548811863397,-1.1877784261313309,-0.6203512043524203
0.13049404512633203,-0.2535863319472042,-1.4488634261838522,-0.6203512043524203
-0.6652185412182429,-0.588424448375311,-0.251035790800856,-0.3753679228403708
-0.3450872826869874,-0.5010383239050336,-0.6885114617001549,-0.6203512043524203
-0.6450371156713794,-0.5835572912482794,-0.27801218558971397,-0.39279747310102714
0.09850624349721301,-0.2702300577803271,-1.3977218308650332,-0.6203512043524203
-0.19738927391487665,-0.4241888675840527,-0.9246487205714431,-0.6203512043524203
-0.8019497838783337,-0.621399940649413,-0.06826792966019149,-0.2572809194910714
0.26777640551913295,-0.18215629137755904,-1.6683483098599388,-0.6203512043524203
-0.6840667423642209,-0.5929700715933712,-0.22584150935661274,-0.35908980272274355
-0.5513751849254327,-0.5609688307501294,-0.40320954662955655,-0.47368795953647813
-0.592859006334021,-0.5709734895665477,-0.34775836251622766,-0.4378607406630587
-0.2509886228324368,-0.45207740079934167,-0.8389549225581803,-0.6203512043524203
-0.2594542365765957,-0.4564821847166783,-0.8254202321393457,-0.6203512043524203
-0.43347502768898094,-0.5325348338930176,-0.5608060048130222,-0.5755116246447853
-0.13038558230072775,-0.3893258568037861,-1.0317731713582832,-0.6203512043524203
-0.20193672637154328,-0.4265549742895232,-0.9173783249385433,-0.6203512043524203
-0.354119834390063,-0.5057380940193588,-0.6740703597685206,-0.6203512043524203
-0.48519812349811253,-0.5450088999006432,-0.49166804183765983,-0.5308413264070015
-0.4909974888649693,-0.54640753363006,-0.4839160636982626,-0.5258327441387757
-0.5483716277523462,-0.5602444624607096,-0.4072243841287184,-0.4762819611637421
-0.9086978482680433,-0.6471443857672633,0.07442159052441359,-0.16508868316030234
-0.3653703173627797,-0.5115918865449963,-0.6560832641249059,-0.6203512043524203
-0.41554529458655076,-0.528210717737168,-0.5847725753363414,-0.5909965161130956
-0.3203355325462577,-0.4881596225797993,-0.728084171441402,-0.6203512043524203
-0.5301664222180376,-0.5558539105812286,-0.4315591770582567,-0.4920047625153607
-0.49458862193120406,-0.5472736076770521,-0.4791158169015675,-0.5227312866066851
-0.614849206776042,-0.576276869179534,-0.31836418878788647,-0.4188690543247423
0.02473711521220909,-0.3086132252252068,-1.2797809060864012,-0.6203512043524203
-0.8954500210693866,-0.6439494054910734,0.056713296540142184,-0.17653007858934636
-0.22748923439514046,-0.43985032177305505,-0.8765253760589898,-0.6203512043524203
-0.810254568904576,-0.6234028067767377,-0.05716697155471612,-0.25010854865518994
-0.34832402301664883,-0.5027224477239977,-0.683336612049313,-0.6203512043524203
-0.691822571550541,-0.5948405459665803,-0.21547433734692098,-0.3523915338466361
-0.576746529258206,-0.5670876412922726,-0.3692958174207038,-0.45177617138248305
-0.546817552679463,-0.5598696659653201,-0.40930170728908033,-0.4776241274804253
-0.803446770578684,-0.6217609691342819,-0.06626691619716611,-0.25598805715720396
0.05795816321120752,-0.2913278230836289,-1.3328941963503134,-0.6203512043524203
-0.09056710829052549,-0.3686077164263043,-1.0954343228076195,-0.6203512043524203
-0.5056386239139349,-0.5499385381488405,-0.4643453431700852,-0.5131880279061968
-0.8114719603590512,-0.6236964052383666,-0.05553969143953058,-0.249057156844765
-0.18283371244315777,-0.4166153938801917,-0.9479199238587364,-0.6203512043524203
-0.5070531548649337,-0.550279680769493,-0.4624545478302517,-0.5119663779167827
-0.4339423683707112,-0.5326475425084002,-0.5601813132270896,-0.5751080090586538
-0.5608739893420702,-0.5632596586952295,-0.3905125497117551,-0.46548438201359793
-0.1392336117503931,-0.39392961726319736,-1.0176270807100325,-0.6203512043524203
-0.018286088995994845,-0.3309988340771748,-1.210996082282444,-0.6203512043524203
-0.3911479104752494,-0.5223267973132857,-0.6173844175510343,-0.6120671501775244
-0.6953874445750505,-0.5957002868757602,-0.2107091921960985,-0.3493127556201293
0.08159481563817034,-0.27902932357533294,-1.3706841053639705,-0.6203512043524203
-0.8215281108270008,-0.6261216484059978,-0.04209769327891312,-0.24037223121337933
-0.02500752080229666,-0.33449609436055366,-1.2002499625776122,-0.6203512043524203
-0.2605348013821114,-0.457044418551202,-0.8236926420836059,-0.6203512043524203
-0.1658521321715347,-0.40777962674836205,-0.9750698079362599,-0.6203512043524203
-0.15809725641265834,-0.403744650306493,-0.9874681816165299,-0.6203512043524203
-0.7251067344163419,-0.6028676920238984,-0.1709835893767387,-0.32364589404006056
-0.04878934918886707,-0.34687013106572484,-1.162227948517714,-0.6203512043524203
-0.09375606235568264,-0.37026697634576616,-1.0903358730866453,-0.6203512043524203
-0.8230543883233452,-0.6264897409560958,-0.040057526978315106,-0.23905407208371496
-0.9744863204964503,-0.6630106005071226,0.16236066079812714,-0.10827091869593578
-0.9848364744442116,-0.66550674853372,0.1761956517095432,-0.09933207896832896
0.1295263152398291,-0.2540898561061391,-1.4473162348261188,-0.6203512043524203
-0.3441155050589167,-0.5005326936463524,-0.6900651245235927,-0.6203512043524203
-0.4950925210876161,-0.5473951331047154,-0.4784422578140008,-0.5222960975437227
-0.47863502585119105,-0.5434260767540106,-0.5004408964980037,-0.5365095008398226
-0.01593850151198713,-0.32977734962175276,-1.2147493683154973,-0.6203512043524203
-0.5288538885766018,-0.5555373666655101,-0.4333136331844016,-0.4931383232253851
-0.6238434919614764,-0.5784460221534501,-0.30634157980803844,-0.41110120138818035
-0.1813696775083974,-0.4158536348713424,-0.9502605999400201,-0.6203512043524203
-0.5632915169988162,-0.5638426941669809,-0.38728105447719297,-0.4633965007733983
-0.26477221833515174,-0.4592492092031119,-0.8169179263490862,-0.6203512043524203
-0.2701474483650081,-0.46204602081099244,-0.8083240929209635,-0.6203512043524203
-0.2307911207627415,-0.44156834203814427,-0.8712463719449073,-0.6203512043524203
-0.5715104265263236,-0.5658248496886682,-0.3762948856541283,-0.45629829572515557
-0.1627830608581517,-0.4061827435960121,-0.9799765909947976,-0.6203512043524203
-0.14461318707937595,-0.3967286897944186,-1.009026300085849,-0.6203512043524203
-0.7773026492167001,-0.6154557878515486,-0.10121361199082926,-0.2785672489115855
-0.42688495171523977,-0.5309455043796592,-0.5696149212467695,-0.5812030987252037
-0.18597708270274116,-0.4182509358720763,-0.9428943528108503,-0.6203512043524203
0.026558210734353948,-0.30766568231688396,-1.2826924450320993,-0.6203512043524203
-0.911728594131852,-0.6478753111568998,0.07847277098919016,-0.16247120020609418
-0.5308415318404544,-0.5560167268601205,-0.4306567619311499,-0.49142170870342633
-0.4110603415266144,-0.5271290810014784,-0.5907675861483077,-0.5948699151746896
-0.3513698414428836,-0.504307232055584,-0.6784670053418829,-0.6203512043524203
0.11155169870427747,-0.26344231467900014,-1.418578699951721,-0.6203512043524203
-0.5804495277452401,-0.5679806939379198,-0.3643460407631128,-0.44857810204416876
-0.31321524891817243,-0.48445483380019017,-0.7394679691804523,-0.6203512043524203
-0.161657715810256,-0.4055972099397139,-0.9817757749994003,-0.6203512043524203
0.1372033586854999,-0.250095376966866,-1.4595901714253154,-0.6203512043524203
-0.5639904563508842,-0.5640112574649937,-0.3863467862883044,-0.46279286657829477
-0.39955635741197587,-0.5243546635975738,-0.6061448951694475,-0.6048052524410429
-0.2874480513520307,-0.4710477801754618,-0.780664160331897,-0.6203512043524203
-0.13302172188453498,-0.39069747918032327,-1.0275585527557884,-0.6203512043524203
-0.8759091722441842,-0.6392367363385906,0.03059315694970657,-0.1934063991418206
-0.47408755225682103,-0.5423293619325807,-0.5065194781466971,-0.5404368953337365
-0.5825144511142014,-0.568478691785925,-0.3615858696403895,-0.4467947450875384
0.07762975396528439,-0.2810924037507104,-1.36434482697779,-0.6203512043524203
-0.5635968103190184,-0.5639163217982801,-0.3868729706620504,-0.4631328362836747
-0.6542967189007456,-0.5857904310107133,-0.26563492751527684,-0.38480048004891554
-0.27941125779794584,-0.4668661177391838,-0.7935132597595285,-0.6203512043524203
-0.5310231650932455,-0.5560605313762471,-0.43041397381280305,-0.49126484238587215
-0.022501197256621867,-0.33319201718679325,-1.204257033335305,-0.6203512043524203
-0.43218592801444816,-0.5322239415502648,-0.5625291368911617,-0.5766249467694338
-0.1458516434505576,-0.3973730769435332,-1.007046275472425,-0.6203512043524203
0.08955232466811437,-0.27488891404845806,-1.3834064459384718,-0.6203512043524203
-0.3606212271330015,-0.5091208647268155,-0.6636760350655251,-0.6203512043524203
-0.4315555228777623,-0.5320719066582392,-0.5633717957907858,-0.5771693918577613
-0.46074537044062597,-0.5391116261405252,-0.5243538954024366,-0.5519597794834309
-0.5457551215682435,-0.55961343931062,-0.41072185280980533,-0.47854168884934273
-0.7517194733195831,-0.6092858898623994,-0.13541049522639878,-0.30066198394854243
-0.03408997987363116,-0.33922183201600553,-1.1857290695287102,-0.6203512043524203
-0.7583285947167542,-0.6108798125631005,-0.12657612088532152,-0.29495406141832864
-0.12791325562517764,-0.3880394687038826,-1.035725888453471,-0.6203512043524203
-0.775408844910142,-0.6149990588109531,-0.10374504925267805,-0.28020282005933994
-0.6393289372654796,-0.5821806490905622,-0.2856422746458723,-0.39772730237356285
-0.2947995461121906,-0.4748728715234198,-0.7689107058628575,-0.6203512043524203
-0.48232535978467167,-0.5443160750875652,-0.4955080484758895,-0.5333223691566398
-0.4182395461198942,-0.5288604907436425,-0.5811711848966428,-0.588669644187908
-0.600966327958024,-0.5729287334184636,-0.33692135259829625,-0.4308589077451246
-0.7324286920004078,-0.6046335295241464,-0.1611963710280459,-0.31732233540831134
-0.4761241791168643,-0.5428205355077055,-0.5037971308037631,-0.5386779764636647
-0.23570529385640354,-0.4441252589096358,-0.8633896691118527,-0.6203512043524203
-0.03555741447168499,-0.3399853599198991,-1.1833829581190975,-0.6203512043524203
-0.3428195335688033,-0.4998583805310255,-0.692137103406686,-0.6203512043524203
-0.5961958750273609,-0.5717782426403604,-0.34329798943598644,-0.43497887681906383
-0.010591196145354318,-0.32699506762875674,-1.223298556230228,-0.6203512043524203
-0.4846132066283759,-0.5448678354201064,-0.49244989683398016,-0.5313464858644296
-0.3416960061075702,-0.49927379259192417,-0.6939333814822526,-0.6203512043524203
-0.14727084923668746,-0.3981115106839633,-1.0047772715305503,-0.6203512043524203
0.031833436086473904,-0.3049209046204794,-1.2911263925506467,-0.6203512043524203
-0.4376117148873883,-0.5335324793038075,-0.5552765189636146,-0.5719390030145725
-0.32680353189703276,-0.49152501821189926,-0.7177432355698162,-0.6203512043524203
-0.5767713922847786,-0.5670936375117519,-0.36926258315690463,-0.4517546985994889
-0.6869779003455061,-0.5936721559572148,-0.2219501813226481,-0.3565756010260548
-0.38388050740303387,-0.5205741167320348,-0.6270987131993077,-0.6183435931779208
-0.7044066659573672,-0.5978754537156488,-0.19865325114612153,-0.3415233667075355
-0.4990635246096555,-0.5483528205608805,-0.4731342403763955,-0.5188665674883799
-0.07647962450508859,-0.3612777904588399,-1.1179571708347686,-0.6203512043524203
-0.6518909727653645,-0.5852102368900619,-0.2688506744583813,-0.38687818625869913
-0.7269455288126401,-0.6033111543170011,-0.16852568354372913,-0.32205783182538344
-0.4033709508452608,-0.5252746296114923,-0.6010459501927249,-0.6015108048900003
-0.40235624059286695,-0.5250299118027655,-0.6024023075174993,-0.6023871524653011
-0.3091884285406221,-0.48235961965824137,-0.7459059864145839,-0.6203512043524203
-0.6172245288224537,-0.576849725918536,-0.3151891095485191,-0.41681762367148917
-0.8673617661524591,-0.6371753572561085,0.01916788866944354,-0.2007883080029178
-0.8103723344803151,-0.623431208316557,-0.05700955499084133,-0.25000684122047206
-0.7283088957396827,-0.6036399577030803,-0.1667032788587593,-0.32088036929562186
-0.34381702770215705,-0.5003773914673874,-0.6905423254381231,-0.6203512043524203
-0.39319118107151785,-0.5228195731591737,-0.614653189564319,-0.6103024934900628
-0.07903983922905378,-0.3626099080089504,-1.1138639397068404,-0.6203512043524203
-0.3534397838623226,-0.505384253681482,-0.6751576138814881,-0.6203512043524203
-0.5255894368331908,-0.5547500783973005,-0.4376772069465688,-0.4959576446654463
-0.27265238297450284,-0.46334937530073567,-0.8043192427726411,-0.6203512043524203
-0.013120247423464817,-0.328310970377524,-1.2192551487305416,-0.6203512043524203
-0.8067167367635005,-0.6225495873210709,-0.061895971313069974,-0.25316397320750667
-0.4545216118032913,-0.5376106414287026,-0.5326731575715751,-0.5573348860995481
-0.11183194159299256,-0.37967212339859013,-1.0614364409936057,-0.6203512043524203
-0.36021509403895424,-0.5089095476770397,-0.6643253542835873,-0.6203512043524203
-0.1586794280560556,-0.40404756281460674,-0.9865374147280166,-0.6203512043524203
-0.8039740102395724,-0.6218881235945648,-0.06556215799227902,-0.2555327102270514
-0.2442983254191788,-0.44859634020069916,-0.8496512650839482,-0.6203512043524203
-0.46798001165160946,-0.5408564055392742,-0.514683392344561,-0.5457116310406043
-0.6061036193233746,-0.5741676946714457,-0.33005436494693924,-0.4264221211639142
-0.12986752186122877,-0.38905630230235516,-1.032601438259983,-0.6203512043524203
-0.2668481334609347,-0.4603293385163722,-0.8135989858195073,-0.6203512043524203
-0.39929708227782174,-0.524292134178424,-0.606491466741492,-0.6050291736388583
-0.5454352200106689,-0.559536288608739,-0.4111494633713419,-0.4788179696434453
-0.8679891371937091,-0.6373266604149276,0.02000649191124881,-0.2002464832903796
-0.6303683629262874,-0.580019626165991,-0.2976198225325491,-0.4054660411681359
-0.39642337825262547,-0.5235990825902329,-0.6103327302890055,-0.6075110284823184
-0.45567908429786413,-0.5378897892266726,-0.5311259707834896,-0.5563352428893773
-0.3068900314660947,-0.4811637296996998,-0.7495806275928145,-0.6203512043524203
-0.3277758417604944,-0.49203092540051846,-0.7161887218167867,-0.6203512043524203
-0.5627443645877823,-0.563710737346054,-0.3880124299400139,-0.46386904521413713
-0.8074967145940786,-0.6227376946798998,-0.06085337945872492,-0.2524903506842271
-0.1954484196749306,-0.42317901244532663,-0.9277517278760081,-0.6203512043524203
-0.753326556498867,-0.6096734703299744,-0.13326231643683703,-0.2992740375430053
-0.7127653286938077,-0.5998913135376247,-0.18748027501707984,-0.33430446475542286
-0.5439422923925065,-0.55917623905327,-0.4131450510826866,-0.48010732637871956
0.10420691331546064,-0.26726391504191216,-1.4068359723203068,-0.6203512043524203
-0.02933954723614083,-0.3367501117232569,-1.193323986689716,-0.6203512043524203
0.25854499377242296,-0.18695953131090415,-1.6535892736108873,-0.6203512043524203
-0.5896544223843055,-0.5702006396222358,-0.352041911344868,-0.4406283576922106
-0.30238841890876383,-0.47882147417117504,-0.756777735113938,-0.6203512043524203
-0.25506441374808064,-0.4541980950358395,-0.8324386119961492,-0.6203512043524203
-0.5301235362261234,-0.5558435677607617,-0.4316165025155741,-0.49204180070920917
-0.5692147844858235,-0.5652712093874621,-0.3793634570905032,-0.4582809112858086
-0.18744182060124673,-0.41901306064334903,-0.9405525528421609,-0.6203512043524203
-0.5401622677639816,-0.5582646100026681,-0.4181977881380501,-0.48337191881776226
-0.4901877250468087,-0.5462122427805794,-0.48499847030991206,-0.5265320911266838
-0.6001650813214718,-0.5727354966588231,-0.3379923743425572,-0.43155089892734
-0.25884854952850256,-0.4561670367960422,-0.8263885950879027,-0.6203512043524203
-0.0024120164298728833,-0.32273931956883406,-1.2363753004184965,-0.6203512043524203
-0.17801462764335266,-0.4141079528529999,-0.9556246010196188,-0.6203512043524203
0.08913519693505814,-0.275105951771365,-1.382739548664081,-0.6203512043524203
-0.511743744419964,-0.5514109108865,-0.4561846639047994,-0.5079153823014496
-0.7515542359374745,-0.6092460395406214,-0.1356313670792466,-0.3008046900844254
-0.3523165351026743,-0.5047998107549333,-0.6769534463733342,-0.6203512043524203
-0.2731016118673448,-0.4635831157313995,-0.8036010226676893,-0.6203512043524203
-0.9550194286359626,-0.6583157675658167,0.13633937905462062,-0.12508336682123058
-0.3000082539467104,-0.4775830391725673,-0.7605831055077121,-0.6203512043524203
-0.3937340955870696,-0.5229505079262743,-0.6139274788718749,-0.6098336090787968
-0.4899012939526149,-0.5461431641548764,-0.48538134109665765,-0.5267794653838132
-0.46293809246096684,-0.5396404452065581,-0.5214228965616667,-0.5500660500948684
-0.7140351707899201,-0.600197561527587,-0.18578288443261923,-0.33320777430677795
0.22828526097481364,-0.20270411739738572,-1.6052104876244757,-0.6203512043524203
-0.42515016302631276,-0.5305271251570617,-0.5719338032523577,-0.5827013371214489
-0.205700475029104,-0.4285133083284652,-0.9113609026424295,-0.6203512043524203
-0.7783674915519548,-0.6157125960214752,-0.0997902434008845,-0.2776476051055078
-0.32013828814337714,-0.48805699340253583,-0.7283995226977334,-0.6203512043524203
-0.3009446550285004,-0.47807026249150153,-0.7590860021513682,-0.6203512043524203
-0.3588021332973997,-0.5081743633255776,-0.666584373746187,-0.6203512043524203
-0.09616965108452215,-0.37152280222409567,-1.0864770652989912,-0.6203512043524203
0.09817456840808238,-0.2704026332299679,-1.3971915539368989,-0.6203512043524203
-0.6905958293940915,-0.5945446923948925,-0.21711411649134651,-0.3534510013269216
-0.5659292265790546,-0.5644788309429825,-0.3837552433391426,-0.4611184609196216
-0.3559000638731553,-0.5066643737237339,-0.671224156804824,-0.6203512043524203
-0.21383815766917147,-0.4327474648468972,-0.8983505033271963,-0.6203512043524203
-0.3302711393968096,-0.4933292656307224,-0.7121992791099686,-0.6203512043524203
-0.4017346694574127,-0.5248800074080111,-0.6032331580587773,-0.6029239681288335
0.09545833863594966,-0.27181592771488783,-1.3928488883980177,-0.6203512043524203
-0.18390026164704143,-0.4171703351900946,-0.9462147417269647,-0.6203512043524203
0.08250230374425511,-0.2785571441048706,-1.3721349831084348,-0.6203512043524203
-0.40471297561660624,-0.5255982859069972,-0.5992520734438216,-0.6003517743671617
0.06388192382141071,-0.2882456029098135,-1.342365011863212,-0.6203512043524203
-0.11759900789884029,-0.38267281321056495,-1.0522161458757946,-0.6203512043524203
-0.18635581906005744,-0.4184479979949222,-0.9422888350655871,-0.6203512043524203
-0.9229251855261854,-0.6505755946168986,0.093439189939214,-0.15280134056201683
0.14272847312579892,-0.2472205782855697,-1.468423637696993,-0.6203512043524203
-0.3121985975644502,-0.48392585507900715,-0.7410933754123411,-0.6203512043524203
-0.511869301196006,-0.5514411914311493,-0.4560168328885483,-0.5078069460498325
-0.7710762574878776,-0.6139541681166959,-0.10953639379812834,-0.2839446295791726
-0.8145133635793533,-0.624429900864109,-0.051474265347976327,-0.2464304697374503
-0.0875182971614153,-0.367021374947192,-1.100308714201448,-0.6203512043524203
-0.6831643547609799,-0.5927524426531231,-0.22704772564599582,-0.3598691436096774
-0.6794670297035181,-0.5918607582692529,-0.23198991866309568,-0.36306231312931186
-0.6385153224875957,-0.5819844295046047,-0.28672982881310766,-0.3984299752165199
-0.38476655131690063,-0.5207878040625075,-0.6259143434249708,-0.6175783674066279
-0.5048399223116504,-0.5497459151754582,-0.4654129629817624,-0.5138778210869588
-0.41456160398848585,-0.5279734809426685,-0.5860874688686079,-0.5918460737759126
-0.05744601314563447,-0.3513743212316022,-1.1483878100167615,-0.6203512043524203
0.10180924529678574,-0.2685114571395017,-1.4030026183142494,-0.6203512043524203
-0.6304963278817618,-0.5800504874915998,-0.2974487725167807,-0.40535552510880885
-0.24392949524864677,-0.4484044324132091,-0.8502409449732204,-0.6203512043524203
-0.47010373564566205,-0.5413685843419807,-0.5118446227664106,-0.5438774913259372
-0.9428927867178306,-0.6553911836952797,0.12012976694932075,-0.1355564582445428
-0.19018940855688496,-0.4204426712544892,-0.9361597523315376,-0.6203512043524203
-0.42483589248686066,-0.5304513324885826,-0.5723538868645426,-0.5829727547252304
-0.5050628735880008,-0.5497996843649117,-0.4651149453003282,-0.5136852707407108
-0.2603891476401519,-0.4569686327571094,-0.823925511000774,-0.6203512043524203
-0.21147780092362123,-0.4315193363560184,-0.9021242046552391,-0.6203512043524203
0.09394569050807752,-0.27260298088641227,-1.3904304903063847,-0.6203512043524203
-0.39961800938306485,-0.5243695322117747,-0.6060624853363192,-0.6047520071375201
-0.30978212744839656,-0.4826685299723353,-0.7449567899166605,-0.6203512043524203
-0.30097901901986324,-0.47808814258396326,-0.7590310615411885,-0.6203512043524203
-0.8932574066386788,-0.6434206123724467,0.053782441513812326,-0.1784237150588576
-0.5748940615848409,-0.5666408814130921,-0.3717720002440751,-0.4533760424294605
-0.5577307651117762,-0.5625016068827446,-0.3947140793583808,-0.46819900614038246
-0.6936643522729532,-0.5952847284723554,-0.21301243970906955,-0.35080089251181806
0.0041033114668503,-0.31934929819496005,-1.246791904426704,-0.6203512043524203
-0.3287619089587956,-0.4925439907337303,-0.7146122130526841,-0.6203512043524203
-0.00726940669527156,-0.32526669149576837,-1.2286093810802803,-0.6203512043524203
-0.7930110143909449,-0.6192441764038986,-0.08021633112759301,-0.26500082667439134
-0.3594856704970747,-0.5085300178303804,-0.6654915451968405,-0.6203512043524203
-0.40459652849997985,-0.5255702023401404,-0.5994077276310268,-0.6004523431236768
-0.6282536047855413,-0.5795096096593385,-0.30044660750644725,-0.40729243758486466
-0.3871631710299249,-0.5213657971626451,-0.6227107957178394,-0.6155085431691457
0.014960887633569314,-0.31369994088599706,-1.2641508268340544,-0.6203512043524203
-0.5122498485589357,-0.5515329680901051,-0.4555081574297999,-0.5074782889203675
-0.7932967957136269,-0.6193130983241185,-0.07983432888666889,-0.26475401358798784
-0.8955567625707483,-0.6439751483533848,0.05685597728756525,-0.17643789202112997
-0.3245558859196891,-0.4903555347991105,-0.7213367366902135,-0.6203512043524203
-0.457658539970302,-0.5383671748187547,-0.5284800438363204,-0.5546256995247928
-0.46806016740384165,-0.5408757367128747,-0.5145762486142138,-0.5456424050729457
-0.4358026187378471,-0.5330961793408898,-0.5576947273219738,-0.5735014165413854
-0.6978423167583848,-0.5962923287320363,-0.20742777874886553,-0.3471926220347415
-0.24173847100476503,-0.4472644101249722,-0.8537439201546196,-0.6203512043524203
-0.01839003765183016,-0.33105292009873083,-1.2108298908025699,-0.6203512043524203
-0.8042583546191343,-0.621956698967018,-0.06518207650491113,-0.25528713814675413
-0.1168779924884765,-0.3822976582389701,-1.053368894000314,-0.6203512043524203
-0.1536217848831962,-0.40141599634102315,-0.9946234952724797,-0.6203512043524203
-0.36912800617456254,-0.5135470675566408,-0.6500755302151358,-0.6203512043524203
-0.18762702268295803,-0.41910942402297313,-0.9402564546599571,-0.6203512043524203
-0.36365752439135496,-0.5107006950540706,-0.6588216506519053,-0.6203512043524203
-0.04584167412235591,-0.3453364121743496,-1.1669406451616016,-0.6203512043524203
-0.3917682648014672,-0.522476408249992,-0.6165551935116242,-0.6115313854029736
0.059986260373379806,-0.2902725741633841,-1.336136686269991,-0.6203512043524203
-0.10639912333560463,-0.3768453477850125,-1.0701223455762794,-0.6203512043524203
-0.5792481581410848,-0.5676909594680983,-0.36595190456365395,-0.4496156566930526
-0.6039712109205355,-0.5736534214486984,-0.33290474292407884,-0.42826376110888376
-0.25093980365969365,-0.4520519994624209,-0.8390329738855323,-0.6203512043524203
-0.7674417970461738,-0.6130776448007054,-0.11439455604698576,-0.2870835065030027
-0.39251251413684773,-0.5226558989628048,-0.6155603597301378,-0.6108886195504151
0.047284166506597565,-0.2968816612859223,-1.3158287779064075,-0.6203512043524203
-0.815778978504034,-0.6247351293865657,-0.04978252519911625,-0.24533743005652517
-0.2082037245131916,-0.42981578602256004,-0.9073587466461664,-0.6203512043524203
-0.3160107975654166,-0.4859093990678306,-0.7349984898686485,-0.6203512043524203
-0.18575972113713782,-0.41813783943780103,-0.9432418670712811,-0.6203512043524203
-0.8679425181175905,-0.6373154172860387,0.01994417646186983,-0.2002867455368907
0.17587746121625816,-0.22997266997914778,-1.5214217197098365,-0.6203512043524203
-0.24988721111502302,-0.4515043200085274,-0.8407158423295501,-0.6203512043524203
-0.7513659693805881,-0.6092006352696494,-0.13588302189680693,-0.30096728520973165
-0.3334729681328188,-0.4949952244316624,-0.7070802455672542,-0.6203512043524203
0.016854434088652226,-0.312714700686746,-1.2671781991944946,-0.6203512043524203
-0.4457320867626445,-0.5354908704865823,-0.5444220648503224,-0.5649258993363242
-0.056059747994895444,-0.3506530269904904,-1.1506041489876504,-0.6203512043524203
-0.25799211407508515,-0.4557214207751066,-0.8277578506523581,-0.6203512043524203
-0.72934849023232,-0.60389067684739,-0.165313658913995,-0.3199825306162857
-0.9348697420027907,-0.65345626491689,0.10940540948810014,-0.1424855059859701
-0.9133860297020816,-0.648275035117405,0.0806882555284653,-0.1610397673022078
-0.46716269535350213,-0.5406592932571843,-0.5157758943124674,-0.5464175006762073
-0.4473966366573136,-0.5358923102096744,-0.5421970706347219,-0.5634883221947523
-0.9626641941525241,-0.6601594566987778,0.1465580928993947,-0.11848101732453938
-0.469203670256935,-0.5411515154505208,-0.5130477349650862,-0.5446548266481751
-0.27101361721339096,-0.4624967012611472,-0.8069392757573658,-0.6203512043524203
-0.2303277102438282,-0.4413272226978906,-0.8719872654110957,-0.6203512043524203
0.17371876385186566,-0.2310958721143307,-1.517970428236119,-0.6203512043524203
-0.47258255278413497,-0.5419664010063244,-0.5085312022361538,-0.5417366778436753
-0.6787036947687161,-0.5916766646798475,-0.23301026405492817,-0.3637215621293863
0.12975764302495585,-0.25396949284148346,-1.4476860780591776,-0.6203512043524203
-0.6521713621700646,-0.5852778584406932,-0.26847587956303387,-0.3866360298654144
-0.2707713463371808,-0.4623706441445081,-0.8073266146327387,-0.6203512043524203
-0.9840001328271402,-0.6653050479128835,0.17507771870782873,-0.10005437969064318
0.128566890117228,-0.254589059173706,-1.4457823209946004,-0.6203512043524203
0.15560552825994536,-0.24052045623042853,-1.4890112713894925,-0.6203512043524203
-0.30567904966072723,-0.4805336379731371,-0.751516726301523,-0.6203512043524203
-0.6082208710897051,-0.5746783125661176,-0.3272242467581467,-0.4245935711444902
-0.1906693013423425,-0.42069236656156456,-0.935392507276224,-0.6203512043524203
-0.6244288405503149,-0.5785871907517409,-0.305559147735292,-0.41059566907949996
-0.9278676685737086,-0.651767573921538,0.10004577843900118,-0.14853279885324566
0.03915882461173107,-0.3011093967322818,-1.3028381087809608,-0.6203512043524203
-0.20613319033840843,-0.42873845649761294,-0.9106690841957202,-0.6203512043524203
-0.4914264188078595,-0.5465109787223646,-0.4833427155247504,-0.5254623017247576
-0.5467897027346075,-0.5598629493903551,-0.4093389341492705,-0.4776481798949829
-0.08324461242340776,-0.36479771363087804,-1.1071414143014897,-0.6203512043524203
-0.6033930838291313,-0.5735139944599198,-0.3336775220629777,-0.4287630566206541
-0.1228972279968669,-0.38542955541303076,-1.0437454347183062,-0.6203512043524203
-0.20756826689571123,-0.4294851480347877,-0.9083747063139247,-0.6203512043524203
-0.3265886394635794,-0.49141320650356496,-0.7180868022205092,-0.6203512043524203
-0.20184069450446598,-0.426505007490135,-0.9175318591807747,-0.6203512043524203
-0.4062798372690445,-0.5259761661435063,-0.5971576585365325,-0.5989985650084249
-0.7725015358454349,-0.6142979026908411,-0.10763123246211675,-0.2827136976655281
-0.36530385208868843,-0.5115573036808087,-0.6561895277622053,-0.6203512043524203
0.024698565219929813,-0.3086332833557969,-1.2797192729636393,-0.6203512043524203
-0.19772746893912585,-0.4243648354522731,-0.9241080196733467,-0.6203512043524203
-0.06423318292296702,-0.3549057859526398,-1.1375365894753509,-0.6203512043524203
-0.5828323634615299,-0.568555362749702,-0.3611609180446821,-0.44652018226127116
-0.5499604955235576,-0.5606276499158576,-0.4051005537697597,-0.4749097463709088
-0.45893631136089563,-0.5386753351177387,-0.526772054209794,-0.553522160995155
-0.6914812694150833,-0.5947582340844385,-0.21593055393712227,-0.35268629710358335
-0.47255978655637293,-0.5419609104720978,-0.5085616337211117,-0.5417563397407055
-0.6606338409228623,-0.5873187555853666,-0.2571641331654519,-0.3793274679202177
-0.45652474278985417,-0.5380937367994924,-0.5299955839689653,-0.5556048957117085
-0.8505682636895132,-0.6331252659971657,-0.003279888930613297,-0.21529190164404563
-0.26410627911640455,-0.45890271118781023,-0.8179826195226583,-0.6203512043524203
-0.5367061659322301,-0.5574311014567483,-0.4228175394647008,-0.4863567575469481
-0.4642968594672894,-0.5399681392291353,-0.5196066405641152,-0.5488925602552024
-0.4652830556613527,-0.5402059802985604,-0.5182883978161713,-0.5480408386515239
0.04811905278154611,-0.2964472576209505,-1.3171635809824584,-0.6203512043524203
-0.6531991165225421,-0.5855257220968003,-0.2671020862651307,-0.38574841684221534
-0.3805705795989122,-0.5195008075825539,-0.6317813233715728,-0.6203512043524203
-0.5927873502373858,-0.5709562082560367,-0.3478541448061043,-0.4379226259612447
0.03782676379944691,-0.301802487655183,-1.3007084308558645,-0.6203512043524203
-0.3173115044814325,-0.48658617609522437,-0.7329189400609266,-0.6203512043524203
-0.7801012263201608,-0.6161307210698697,-0.09747277016502759,-0.2761502769206911
-0.20652475582991048,-0.42894219380853643,-0.9100430554320245,-0.6203512043524203
-0.30439350562464274,-0.4798647504162155,-0.7535720339347337,-0.6203512043524203
-0.025039981283472287,-0.33451298402853896,-1.2001980652696511,-0.6203512043524203
0.02595663734186515,-0.30797868984172655,-1.2817306589315747,-0.6203512043524203
-0.583483210797131,-0.568712327689603,-0.36029093417601643,-0.4459580824075454
-0.16957944574105593,-0.4097190030726391,-0.9691106374871945,-0.6203512043524203
-0.7241374371116865,-0.6026339264619163,-0.17227924347696255,-0.32448302103338306
-0.49031699518934646,-0.5462434188783287,-0.4848256756581461,-0.5264204478514687
-0.3174111216044581,-0.48663800835625765,-0.7327596737677419,-0.6203512043524203
-0.04194904179353094,-0.3433110180568891,-1.173164124648998,-0.6203512043524203
-0.2812934619496574,-0.4678454563703992,-0.7905040212957446,-0.6203512043524203
-0.48225237619749317,-0.5442984736259804,-0.49560560521469665,-0.5333854009329618
-0.10383693508230163,-0.37551220337842717,-1.074218731951946,-0.6203512043524203
-0.16167867697320001,-0.4056081163425117,-0.9817422626209905,-0.6203512043524203
-0.18294451378902316,-0.41667304545762446,-0.9477427764055688,-0.6203512043524203
-0.4894581551522809,-0.5460362923105014,-0.4859736821677238,-0.5271621791804642
-0.5835718126112672,-0.5687336958010943,-0.36017250064357836,-0.44588156205624074
-0.7600013627705424,-0.6112832342607385,-0.12434014150396432,-0.29350938671979343
-0.7106266686208887,-0.5993755325987592,-0.19033900956545258,-0.3361515039125351
-0.9060935520890653,-0.6465163073057603,0.0709404428865475,-0.16733786575841608
-0.49015317828797056,-0.546203911134081,-0.4850446487626149,-0.5265619271988737
0.23167234973480946,-0.20094176506859987,-1.610625711986595,-0.6203512043524203
-0.3752774365215165,-0.5167467070289394,-0.640243917468141,-0.6203512043524203
-0.4052542588518541,-0.5257288272580064,-0.5985285432743234,-0.5998842987999825
-0.6935271706491579,-0.595251644361602,-0.21319580959206855,-0.35091936848375715
0.03560703321251313,-0.3029574462778691,-1.2971595604236297,-0.6203512043524203
-0.8118645399192387,-0.6237910837039615,-0.055014932612307714,-0.24871810819036227
-0.9240290262864556,-0.6508418080422573,0.09491468749829059,-0.15184801603267598
-0.4131011821573011,-0.5276212708122386,-0.5880396062825295,-0.593107357110397
-0.14158014069177233,-0.395150550943249,-1.0138754870583238,-0.6203512043524203
-0.8028209460696166,-0.6216100389528384,-0.0671034521983491,-0.2565285462177913
-0.3668549146498016,-0.5123643444495525,-0.6537097132774735,-0.6203512043524203
-0.005464173502012826,-0.3243274019915437,-1.2314955595834536,-0.6203512043524203
0.14048380083769565,-0.2483885144439079,-1.464834890864293,-0.6203512043524203
-0.513441103604732,-0.5518202632305201,-0.45391581370090905,-0.506449469640691
-0.6923289878800135,-0.5949626784612108,-0.2147974135686848,-0.3519541708443613
0.03935190905043673,-0.30100893204584545,-1.303146809151844,-0.6203512043524203
-0.334261247420503,-0.4954053777925049,-0.7058199570111237,-0.6203512043524203
-0.27362922269243395,-0.46385763943956765,-0.8027574867593644,-0.6203512043524203
-0.7319912101510846,-0.6045280219674113,-0.16178115048541852,-0.3177001636178795
-0.06934151584753076,-0.35756372705301703,-1.1293694669512442,-0.6203512043524203
-0.4056034139499427,-0.5258130330402073,-0.598061829674399,-0.5995827533855236
-0.2987524660757077,-0.47692963418800893,-0.7625908394510986,-0.6203512043524203
-0.5076542483521131,-0.550424646567045,-0.46165106964296976,-0.5114472476342455
-0.41273687390164765,-0.5275334105409797,-0.5885265750205172,-0.5934219894458354
-0.30017133725694556,-0.47766789382856967,-0.7603223704702748,-0.6203512043524203
-0.21697358921938895,-0.4343788762109979,-0.8933376245632767,-0.6203512043524203
-0.22353349857204663,-0.43779209397512153,-0.882849744422856,-0.6203512043524203
-0.2684273981324819,-0.4611510532598836,-0.8110740822431376,-0.6203512043524203
-0.17978197868115162,-0.4150275317119994,-0.9527989879121794,-0.6203512043524203
-0.5482011826576456,-0.5602033561941817,-0.4074522171008635,-0.47642916490501724
-0.057971948064786255,-0.35164797294114825,-1.1475469535205522,-0.6203512043524203
-0.16733798426892194,-0.4085527375492921,-0.9726942509177046,-0.6203512043524203
-0.6815055738691473,-0.5923523942412247,-0.22926500846887596,-0.36130173839137286
-0.6130006813847556,-0.5758310600610551,-0.3208351019856075,-0.4204655206467427
-0.5361307622467525,-0.5572923312721451,-0.42358667824265084,-0.4868537010078008
-0.6981256925901546,-0.596360670519688,-0.20704899191372872,-0.34694788643412594
-0.46626813682256196,-0.5404435524553612,-0.5169716455261937,-0.5471900800383499
-0.1610271083521746,-0.4052690955615419,-0.9827839803084164,-0.6203512043524203
-0.11431579431082975,-0.3809645086686021,-1.057465296242866,-0.6203512043524203
-0.20950613839803248,-0.43049345121105526,-0.9052764677634719,-0.6203512043524203
-0.5409467262906036,-0.5584537979715676,-0.41714920696322194,-0.4826944265719638
-0.8263098524576773,-0.6272748616814091,-0.03570596690121473,-0.23624251273081656
-0.08220227899206807,-0.36425537214523734,-1.1088078806360917,-0.6203512043524203
0.04473101331058962,-0.2982101046186969,-1.3117468366385734,-0.6203512043524203
-0.510263403835604,-0.5510538969476743,-0.4581634266008703,-0.5091938683309958
-0.5536305871300404,-0.5615127664046741,-0.4001947635490514,-0.47174009683510854
0.06316728802041768,-0.28861743847638877,-1.3412224633580512,-0.6203512043524203
-0.3516206616642106,-0.504437737522811,-0.6780659979076862,-0.6203512043524203
-0.27340404294456205,-0.463740475089538,-0.8031175006069297,-0.6203512043524203
-0.8707960408261185,-0.6380036017433609,0.02375846376013192,-0.19782232014965923
-0.3192364982572368,-0.48758777880010634,-0.7298412902175624,-0.6203512043524203
-0.49201223215958956,-0.546652259407585,-0.4825596622061352,-0.524956368026782
-0.401384314521289,-0.5247955122607091,-0.6037014754752626,-0.6032265497752122
-0.19025465538187225,-0.4204766201416044,-0.9360554367315465,-0.6203512043524203
-0.8815879034289769,-0.640606276706013,0.03818388407574808,-0.1885020017605622
-0.44524763057904126,-0.5353740341232994,-0.5450696346286038,-0.5653442966086868
-0.5839293802920769,-0.5688199304470074,-0.35969454199299356,-0.4455727511722037
-0.7673538630851441,-0.6130564377554379,-0.11451209686403924,-0.2871594500675358
-0.32462187069759807,-0.49038986765403475,-0.7212312412626708,-0.6203512043524203
0.019726919787922025,-0.31122010393412963,-1.2717706842578453,-0.6203512043524203
-0.39631216015434667,-0.5235722601064378,-0.6104813948776328,-0.6076070812328707
-0.33885547390149245,-0.4977958217139543,-0.6984747798020754,-0.6203512043524203
-0.8632891959977107,-0.6361931749614042,0.013724107701408963,-0.20430555538652853
-0.472218152174748,-0.541878518462103,-0.5090182944228429,-0.5420513899397843
-0.4903551217954771,-0.5462526138770827,-0.484774712044275,-0.5263875200686279
-0.4945841297008567,-0.5472725242852521,-0.47912182163988754,-0.5227351662907262
-0.7832035850295215,-0.6168789173391477,-0.09332586522384634,-0.27347094602179967
-0.981509943478897,-0.6647044886111724,0.17174909701055424,-0.10220501470415926
-0.438339892778794,-0.5337080940643047,-0.5543031677883241,-0.5713101171547762
-0.7825789858263723,-0.6167282826648981,-0.09416076336569637,-0.2740103768553043
-0.12088943884108994,-0.38438487304858066,-1.046955456516015,-0.6203512043524203
-0.3814592500936847,-0.5199631959718053,-0.6303605309288043,-0.6203512043524203
-0.42365887560814675,-0.5301674711688474,-0.573927198517855,-0.5839892773092048
-0.9261180475688434,-0.651345617587301,0.0977070701624961,-0.15004384707779186
-0.5248677843535018,-0.5545760373712291,-0.4386418356417643,-0.4965808948980059
-0.40502754211562675,-0.5256741499520855,-0.5988315942241936,-0.6000801011599215
-0.7358331421869893,-0.6054545812358189,-0.15664566215671466,-0.3143821052695069
0.08013988985616992,-0.2797863429574063,-1.3683579928531862,-0.6203512043524203
-0.5392681499836546,-0.5580489754967299,-0.419392950202981,-0.48414411752864966
-0.0003551234414643515,-0.3216690877547171,-1.2396638286533204,-0.6203512043524203
-0.6248663797838155,-0.5786927121478258,-0.304974291572821,-0.41021779131047925
-0.07696637061720789,-0.3615310516530409,-1.1171789687883251,-0.6203512043524203
-0.21089808523967452,-0.4312177017198955,-0.9030510449943194,-0.6203512043524203
-0.29836392568594233,-0.47672747088221734,-0.763212031729605,-0.6203512043524203
-0.760748030743976,-0.6114633082768175,-0.12334207474298305,-0.29286453202700874
-0.3267760038561846,-0.491510694965497,-0.7177872469695775,-0.6203512043524203
-0.6365032238482324,-0.5814991714037769,-0.28941938942534223,-0.40016771045641875
-0.034595899726031214,-0.33948506959058183,-1.1849202128071643,-0.6203512043524203
-0.5570174399127805,-0.5623295741480836,-0.39566757702564265,-0.4688150645738772
-0.598175458666841,-0.5722556590942713,-0.3406518914360122,-0.433269222936618
-0.527313433986145,-0.5551658550237086,-0.4353727499246921,-0.4944687263054984
-0.3356373069108445,-0.496121361877715,-0.7036199346899397,-0.6203512043524203
-0.19726802481064346,-0.4241257798835672,-0.9248425717367516,-0.6203512043524203
-0.8249551086738935,-0.6269481379399552,-0.03751684508047081,-0.23741252794183018
-0.387753226351173,-0.5215081008842275,-0.621922072183107,-0.6149989459231842
-0.6200284769667095,-0.5775259544714919,-0.3114410882835552,-0.41439601301791607
-0.9230555292152399,-0.650607029622006,0.09361341959439884,-0.15268877012568888
-0.021981230102762313,-0.3329214705937072,-1.2050883486620068,-0.6203512043524203
0.10456478830616843,-0.2670777073963561,-1.4074081372399758,-0.6203512043524203
0.16460330967024317,-0.23583877761319455,-1.5033967831226203,-0.6203512043524203
-0.2524498053106303,-0.45283767563289185,-0.8366188069396968,-0.6203512043524203
-0.4958075762607826,-0.5475675830574809,-0.47748644770027204,-0.5216785450298576
-0.6546346763112874,-0.5858719362450946,-0.2651831817995233,-0.3845086054407853
-0.7669775823299274,-0.612965690074841,-0.11501506917293777,-0.28748442237040567
-0.47167121112499705,-0.5417466126152054,-0.5097493873602594,-0.5425237518397955
-0.4432934720485503,-0.5349027494463601,-0.5476817470324638,-0.5670319922695011
-0.28945838843874244,-0.472093788266025,-0.7774500649421895,-0.6203512043524203
-0.4871777242410372,-0.5454863204793942,-0.4890219209756105,-0.5291316577532825
0.025722259729686905,-0.30810063997646064,-1.2813559396828813,-0.6203512043524203
-0.5596196726280824,-0.5629571549637731,-0.3921891876077366,-0.46656766407206623
-0.46812963944373226,-0.5408924912941255,-0.5144833857403533,-0.5455824060204421
-0.19206486108416523,-0.4214184969157524,-0.9331613082589536,-0.6203512043524203
-0.3494043180507361,-0.503284541192461,-0.6816094532998999,-0.6203512043524203
-0.4190803063533887,-0.5290632570027988,-0.5800473455559156,-0.5879435273577157
-0.4060718087261304,-0.5259259958716928,-0.5974357290865028,-0.5991782274379174
-0.2402864186532122,-0.4465088858312182,-0.8560654386698918,-0.6203512043524203
-0.5163133298875207,-0.5525129584313749,-0.450076525443124,-0.5039688910393632
-0.5430835799756731,-0.5589691432636313,-0.4142928870030382,-0.4808489474893735
-0.3860162847681005,-0.521089202447858,-0.6242438319498462,-0.6164990436517458
-0.6212289531219539,-0.577815473468119,-0.30983641875100515,-0.41335922999007846
-0.1415945771172636,-0.3951580624287419,-1.0138524063277727,-0.6203512043524203
0.013391730697598393,-0.3145163964253383,-1.261642083346722,-0.6203512043524203
-0.2071626598056336,-0.4292741046726494,-0.9090231845650942,-0.6203512043524203
-0.2771647954968437,-0.4656972502106333,-0.7971048684369241,-0.6203512043524203
-0.5779026683633566,-0.5673664675165357,-0.36775041296654576,-0.45077767974497507
-0.4857512213529364,-0.5451422905850526,-0.4909287191345164,-0.5303636472243628
-0.4895967057241914,-0.5460697065706567,-0.4857884824196982,-0.5270425209258403
-0.5775745831884972,-0.5672873431705681,-0.36818896252196864,-0.45106102826422145
-0.4882302828136857,-0.5457401661726327,-0.4876149720200857,-0.5282226227348363
-0.1302297112095242,-0.3892447547719123,-1.0320223756131006,-0.6203512043524203
-0.38246088932896954,-0.5202317472492252,-0.6289963084671161,-0.6195696366264067
-0.5761346676791019,-0.5669400785525358,-0.37011368925417315,-0.45230460145402546
-0.7597703609931141,-0.6112275235308519,-0.12464892024362088,-0.29370888982628324
-0.08870355820008151,-0.36763808377879503,-1.0984137374509528,-0.6203512043524203
0.09758059314672966,-0.2707116873349119,-1.396241915609211,-0.6203512043524203
-0.09353737604550359,-0.370153190627314,-1.0906855053279167,-0.6203512043524203
-0.7062167411798841,-0.5983119898017284,-0.19623373406657937,-0.3399601076110377
-0.2292132717266616,-0.4407473638706835,-0.8737690122255051,-0.6203512043524203
-0.6000850678097209,-0.5727161997893788,-0.3380993279408757,-0.43162000204997897
-0.34318654741121557,-0.5000493432561574,-0.6915503274343113,-0.6203512043524203
-0.4294243879973201,-0.5315579405710604,-0.5662204714579042,-0.5790099319338156
-0.5663344399484063,-0.5645765563060411,-0.38321359697229035,-0.4607685011622692
-0.6053934059970376,-0.5739964124275344,-0.33100370299201853,-0.4270354920498527
-0.603203087070879,-0.5734681729160506,-0.3339314896306955,-0.4289271460225465
-0.9628180533075685,-0.6601965629319967,0.14676375554194313,-0.1183481379167055
-0.07328574774200668,-0.35961596918691086,-1.1230634908879427,-0.6203512043524203
-0.06492396947049292,-0.3552652124002442,-1.136432170782411,-0.6203512043524203
-0.8374201470016467,-0.6299543329183409,-0.02085490045188756,-0.22664718277183304
-0.6347862989727413,-0.5810851003994806,-0.2917143929748441,-0.40165052089226516
-0.7522285216489787,-0.6094086571168071,-0.13473005326909035,-0.3002223478375204
-0.3387508730981658,-0.49774139637042253,-0.6986420139251256,-0.6203512043524203
-0.6797014958968901,-0.5919173045128008,-0.2316765090586871,-0.3628598180036669
-0.24469342647383416,-0.44880191711737216,-0.8490195837173604,-0.6203512043524203
-1.0128989488711648,-0.672274579284433,0.21370659894842048,-0.0750961146987489
-0.8220870836765429,-0.6262564559636772,-0.04135051750431366,-0.23988947813169986
-0.12450100812155561,-0.38626402590904735,-1.0411813362201296,-0.6203512043524203
-0.46246252874069915,-0.5395257534398598,-0.5220585798356459,-0.5504767674520394
-0.506516329998115,-0.5501502146438004,-0.46317211852446005,-0.5124300030445349
-0.5558670297926694,-0.5620521295839171,-0.3972053235786376,-0.46980860841260563
-0.1638007840971875,-0.4067122800349616,-0.9783494710494884,-0.6203512043524203
0.05861819671882867,-0.29098439789708785,-1.3339494475656046,-0.6203512043524203
-0.5047388395822284,-0.5497215370399402,-0.46554807968146683,-0.5139651204954597
-0.48261335380264575,-0.5443855306438078,-0.49512308853796727,-0.5330736450910681
0.0015701969512114597,-0.3206673151062509,-1.242742000686614,-0.6203512043524203
-0.021321661177358793,-0.3325782871361586,-1.2061428571105377,-0.6203512043524203
-0.26884831386788227,-0.46137006193638097,-0.8104011287700368,-0.6203512043524203
0.2052074150859893,-0.21471186160707234,-1.56831398973567,-0.6203512043524203
-0.012154014493843944,-0.32780822510737384,-1.2207999467771014,-0.6203512043524203
-0.2562871097133988,-0.45483428181291063,-0.8304837848723204,-0.6203512043524203
-0.39298202601302507,-0.5227691312054458,-0.6149327659211472,-0.6104831288270366
0.010301701608078112,-0.3161241842182804,-1.2567017933245475,-0.6203512043524203
-0.8537915015174867,-0.6339026146998188,0.001028594429191142,-0.2125081743204102
0.12285514480731236,-0.2575609646540853,-1.4366504722170352,-0.6203512043524203
-0.6145369831281463,-0.5762015701601683,-0.31878153633196815,-0.41913870414461885
0.03543968873188579,-0.30304451808378874,-1.2968920126938326,-0.6203512043524203
-0.6495818424973673,-0.584653343631207,-0.27193727553042857,-0.38887245083485616
-0.8116099783669406,-0.6237296910599851,-0.05535520356675102,-0.2489379585354188
-0.21375941840768334,-0.43270649564570907,-0.8984763904229529,-0.6203512043524203
-0.257634952519609,-0.45553558434044317,-0.828328874942973,-0.6203512043524203
0.13701797745974836,-0.2501918335577814,-1.4592937868304312,-0.6203512043524203
-0.49913400909983174,-0.5483698193149037,-0.473040024166095,-0.5188056940401058
-0.10837717532440955,-0.3778745574620965,-1.0669598670945144,-0.6203512043524203
-0.547423345038485,-0.5600157649904295,-0.40849194814698697,-0.4771009390493317
-0.773498881298099,-0.6145384326284697,-0.10629808656469454,-0.28185234708084933
-0.14496708330855632,-0.39691282723156257,-1.0084604963476789,-0.6203512043524203
-0.4651196096987816,-0.5401665620136744,-0.5185068750888855,-0.5481819976401652
0.12991532016494947,-0.2538874510957384,-1.4479381697964613,-0.6203512043524203
-0.2199192648457919,-0.43591155476414156,-0.8886281245928607,-0.6203512043524203
-0.06754672765021494,-0.35662987223451476,-1.1322389461587983,-0.6203512043524203
-0.8906740654872104,-0.6427975876377608,0.05032930434000442,-0.18065479999066233
-0.6118465481370011,-0.5755527175896915,-0.3223778252217868,-0.42146227993921775
-0.5249597655758861,-0.5545982204950645,-0.4385188848738693,-0.49650145594386164
-0.18020146902168704,-0.4152457987344872,-0.9521283133380228,-0.6203512043524203
-0.8998142063133364,-0.6450019166362575,0.06254687771106189,-0.17276097982674396
-0.964916824663605,-0.6607027239036201,0.1495691710731957,-0.11653554837734331
-0.046493643004179845,-0.34567564121692723,-1.1658982875434918,-0.6203512043524203
-0.6434172844092985,-0.5831666363238532,-0.2801774046678094,-0.394196429301156
-0.37351255177846776,-0.5158284114195398,-0.6430655875022327,-0.6203512043524203
-0.12265930081526129,-0.3853057583848759,-1.0441258289629032,-0.6203512043524203
-0.13407211339210146,-0.39124401340208936,-1.0258792032953559,-0.6203512043524203
-0.7841911486871076,-0.6171170881999354,-0.09200579459532168,-0.27261804341759444
-0.3863256729850689,-0.5211638176459638,-0.6238302745098834,-0.6162318426324132
-0.6951260480330733,-0.595637245836399,-0.2110585994417088,-0.3495385089573144
-0.3874663125146316,-0.521438905835487,-0.6223055882487561,-0.615246737097443
0.008960666092730017,-0.3168219448117942,-1.254557766785016,-0.6203512043524203
-0.7414913934080553,-0.6068191824476213,-0.14908231047971982,-0.30949539526896797
-0.2539231433910949,-0.4536042752059125,-0.8342632571350385,-0.6203512043524203
-0.45234501908425945,-0.5370857122684468,-0.5355825964685851,-0.559214685527257
-0.33309660256745394,-0.4947993958668991,-0.7076819729275461,-0.6203512043524203
-0.79834858797788,-0.6205314397473319,-0.07308162738917849,-0.26039106772116904
-0.44110285391374726,-0.5343744377746869,-0.5506099336216053,-0.568923904651696
-0.3181353672988957,-0.4870148440923861,-0.7316017611157326,-0.6203512043524203
-0.3470951918655625,-0.5020830687191189,-0.6853012480118796,-0.6203512043524203
0.059946397390146795,-0.29029331546256787,-1.3360729539578946,-0.6203512043524203
-0.5900025508757365,-0.5702845978175702,-0.35157657000412446,-0.44032769889957607
-0.14453076931282785,-0.3966858066126949,-1.0091580683177754,-0.6203512043524203
-0.563778046295645,-0.5639600305032605,-0.3866307135804548,-0.4629763130709653
