-0.10456350118921716,-0.10270948601312573,-0.3633194425725115,-0.5026258383869635
-0.1027016134308464,-0.1016496809780292,-0.3633165518630447,-0.5010187137354796
-0.11124027467363966,-0.10872029857348867,-0.36329764174498586,-0.5099997909760801
-0.10362021174283043,-0.1024978828794197,-0.36332408813912137,-0.5020427805663571
-0.11248291206168971,-0.1088964466237243,-0.3632951504879436,-0.5106919346382691
-0.1079870539084496,-0.1061129805589462,-0.3633012376200114,-0.5066423875584798
-0.10495044456580267,-0.10359023451757679,-0.3633134953931524,-0.5034394976343306
-0.10930167048692448,-0.10608077561159249,-0.3633139284625671,-0.5072087196945494
-0.10845085772810381,-0.1051731005384737,-0.3633030530054636,-0.506174362896194
-0.10329045478250698,-0.10200911381528334,-0.36331718661172174,-0.5015446207711375
-0.1050205630523097,-0.10293707655337543,-0.363330940681636,-0.5029909873990784
-0.10070028924195842,-0.10038521534289155,-0.3633266083609296,-0.49919373767183384
-0.10527659291068539,-0.10289573566253059,-0.36332804495188326,-0.5030789363973165
-0.10959431594227095,-0.10603206753724563,-0.3633145868420704,-0.5073060315004198
-0.11142382437618746,-0.10842161615670987,-0.36330286477192114,-0.5098649281568172
-0.10324829288716536,-0.10248171663449172,-0.3633247170339449,-0.5018620358574346
-0.11029706685124921,-0.10707164168865634,-0.3633152303328677,-0.5083738685264196
-0.10910185506928931,-0.10587002066372889,-0.363297846714358,-0.5069749237577659
-0.11237946114223861,-0.10885328141348886,-0.3633021855303328,-0.5106100422698636
-0.11057353616158466,-0.10774098969429127,-0.3632897068212739,-0.5089957137737113
-0.10746651028401233,-0.10556535495071613,-0.3633053004540285,-0.5060092535916259
-0.10586899509191494,-0.10353606453451299,-0.36331401739443464,-0.5038169352751543
-0.10268542716105918,-0.1017983453996985,-0.36332230717844777,-0.5011153862017904
-0.10979692284949245,-0.1065581161339553,-0.36331754823786605,-0.5077755224899019
-0.10663416591639746,-0.10387215510460536,-0.3633098990776538,-0.5044086167626276
-0.11299707202467697,-0.10862770573362955,-0.3633067873899101,-0.5107251585477774
-0.1036857369287939,-0.10236616302478778,-0.3633242869550658,-0.5019774577138107
-0.1043258714319501,-0.10303897024296227,-0.36332746428115476,-0.5027511324520895
-0.10803081351320544,-0.10560564114851652,-0.3633167709042004,-0.5062880686739607
-0.1133994289099212,-0.10910305452489984,-0.3633023665815877,-0.511252766028459
-0.10576136552961968,-0.10369262181378157,-0.3633041395206217,-0.5038863410950856
-0.10610025392488445,-0.10439773635375578,-0.3633205792066145,-0.504539380682878
-0.10591576160045736,-0.10393702404968647,-0.36330644967571313,-0.5041313007425692
-0.10763146447940457,-0.10489491157381224,-0.36332228922458315,-0.5055915624029218
-0.11372323052463704,-0.10984082420886535,-0.36330280756976124,-0.5119312320761412
-0.11155035433408436,-0.10810728831379726,-0.36329410830464653,-0.509700548009362
-0.10423148887978273,-0.1021432070977934,-0.36330950525614747,-0.5020724395504415
-0.11387764925172318,-0.10972822832508632,-0.36329087265165994,-0.5119266507619942
-0.10977589552139251,-0.1071072255747611,-0.3632965213734426,-0.5081732626149271
-0.10614355781233827,-0.10446123740227943,-0.36330891987351277,-0.5046111655444665
-0.10601476201342097,-0.10379138450840364,-0.36331331430942976,-0.5040674937244324
-0.10492787770616727,-0.10258423594497626,-0.36331221708825284,-0.5027048248256849
-0.11492129029158873,-0.11025280573850328,-0.3632878646857666,-0.5127799375761377
-0.10512325939109296,-0.10318006203505359,-0.36332010155690486,-0.5032186461700887
-0.11191193316052155,-0.10852655106820475,-0.36331005433975905,-0.5101581081704091
-0.11140889322873099,-0.108431065608944,-0.3632916852225859,-0.5098710680877967
-0.10878375408027585,-0.10591058652059625,-0.363302224287178,-0.5068574440183247
-0.109775562361992,-0.10705748591695337,-0.3633128042835248,-0.5081283699500648
-0.11074700449775107,-0.106996510092455,-0.36331140617917196,-0.5085259475240419
-0.11098848101738268,-0.10850244394860895,-0.3633075140227344,-0.509723125547211
-0.10207624760103132,-0.10116480175847985,-0.3633295424238175,-0.5003783737502557
-0.10914240492432153,-0.10707461405811503,-0.36331908517082045,-0.5078500084854372
-0.10362376631538123,-0.10239756938177755,-0.36331330363350683,-0.5019779738114042
-0.1090856591920429,-0.10598006784385863,-0.36331699634689263,-0.5070364444365683
-0.11144293780402312,-0.10876744621433687,-0.36330301483588734,-0.5101227954505971
-0.109230137599983,-0.10598897165181742,-0.3633012951860938,-0.5071169868869131
-0.10988250322165322,-0.10706395281700873,-0.36331126465303176,-0.5081823934994514
-0.1105974209466956,-0.10803921566290897,-0.3633076225450038,-0.5092117342889831
-0.10386531788256258,-0.10258987279187884,-0.36331034664889933,-0.5022277996307494
-0.10817594946196953,-0.10580687402370739,-0.3633174207949186,-0.506498615833653
-0.10623517357046933,-0.10433121437407163,-0.36330239853356167,-0.5045625723064813
-0.11312835991853337,-0.10934577560780358,-0.36330559818390395,-0.5113029665674534
-0.11340870728947756,-0.10968233229551855,-0.3633019106066828,-0.5116747722123733
-0.11096472727333653,-0.10725310405585886,-0.3632958345983724,-0.5088181897626869
-0.11235109580250792,-0.10899925609190673,-0.3633083771402158,-0.5106990118671865
-0.11046014526783704,-0.1080375265650843,-0.36328989946312756,-0.5091579064740519
-0.10722950035275935,-0.1046484022494904,-0.36330590339135665,-0.5052404406657851
-0.10812789007198988,-0.10485769626624185,-0.3633244076745604,-0.5057888204157578
-0.1021495134574529,-0.10089521109675706,-0.3633197951372652,-0.5002226142068926
-0.10557709647311277,-0.10296128602662569,-0.3633258500053533,-0.5032637296024165
-0.10793587315017479,-0.10541414480379134,-0.3633161730167508,-0.5061072862531688
-0.10212234591209868,-0.10100894642488464,-0.3633190016908263,-0.5002927020743108
-0.10880451185670063,-0.10575279313749576,-0.3633206805311327,-0.5067430485059634
-0.10975174253367762,-0.10687364891022058,-0.36331332318245674,-0.507984767914842
-0.11000991141982706,-0.10632445792320998,-0.36329717876103107,-0.5077148576198343
-0.10247125699662589,-0.1017701429483311,-0.36331509996429173,-0.5010018178209438
-0.1120055989653492,-0.10868086646105905,-0.36329647360157297,-0.5103192519425312
-0.11202138046904865,-0.10887091776389236,-0.3632997518465915,-0.5104616131564852
-0.10993559789984436,-0.10722755025392527,-0.3632990209066864,-0.5083310899576077
-0.10409791947349577,-0.1028450010857645,-0.3633116342860582,-0.502516532174144
-0.11125931424507944,-0.10864371122676936,-0.36331174976370206,-0.5099455235181871
-0.11252781226939751,-0.10830861545877078,-0.3633031021557602,-0.510284252089667
-0.10747666778699927,-0.10487738501307628,-0.3633035875332648,-0.5055189033108717
-0.10270538793666392,-0.1018195127848343,-0.36331899491785885,-0.5011415086546483
-0.10856248351369721,-0.1065985596950477,-0.3633184834530894,-0.5072440688183951
-0.11027050976132562,-0.10726939665615708,-0.36331116069021624,-0.508506583746254
-0.10937460071777873,-0.10720787615999697,-0.36329438147289334,-0.5080649040920852
-0.11331444217848778,-0.10893229456484778,-0.3632990559464648,-0.5110929276212028
-0.10698758795884264,-0.10543351711352299,-0.3633019907310094,-0.5056987318921163
-0.10213158678330715,-0.10128273445404004,-0.3633194069199815,-0.5004940222024522
-0.10168486072235224,-0.10115270978013914,-0.36332267272689983,-0.5001958265951592
-0.1080907813755106,-0.10527067942093678,-0.36332182393427415,-0.5060710761277797
-0.1038807947838762,-0.1025141079749919,-0.3633165199676452,-0.5021768400292711
-0.11058041562797799,-0.1068763111692822,-0.3633145955559578,-0.5083619815301478
-0.10545432209894608,-0.10313832835925747,-0.36331038870576354,-0.5033440776051062
-0.10317961200772832,-0.10133318634566418,-0.3633231740463194,-0.5010038464307086
-0.11134500842741306,-0.1085839981867371,-0.36329779515026533,-0.5099489811129271
-0.11302886854911284,-0.10891230930169707,-0.3633005277163503,-0.5109481468869091
-0.1053360429258167,-0.10396954517422947,-0.36330483423392895,-0.503892591135172
-0.1120819218627532,-0.10837157727746272,-0.36330862891930765,-0.5101243079952049
-0.10283236093231503,-0.10216418201224554,-0.36332609272261746,-0.5014436849992215
-0.10885825319794544,-0.10560934741474716,-0.3633185192653677,-0.5066652152901066
-0.11458616512271227,-0.11020099489551213,-0.36329968922250094,-0.5125840825984651
-0.11171933036740421,-0.10864476626689036,-0.3632922774234692,-0.5101656342791984
-0.11238039821851437,-0.10889986050892692,-0.36330656628361085,-0.510641649859057
-0.1050947726969494,-0.103339178344189,-0.36330608005663867,-0.5033280675767615
-0.11047943134922264,-0.10786777378328162,-0.3633115911512457,-0.5090324565246893
-0.10433467578375973,-0.10298482812997134,-0.363310012133903,-0.5027256282186001
-0.11347947990910118,-0.10918034735057235,-0.3632928091144447,-0.5113500177003389
-0.1027976894524784,-0.10127130566780553,-0.3633281511411594,-0.5007832378312163
-0.11022973921680196,-0.10719704500129348,-0.36331735042863395,-0.5084325546781489
-0.10429689123861437,-0.10328186332447174,-0.3633110294164587,-0.5029220343912898
-0.10902999537095663,-0.10692071899653008,-0.3633143723606465,-0.5076906494648309
-0.11342274123647281,-0.10978586009670038,-0.363298976639553,-0.5117573654805272
-0.10734024670182515,-0.10437191055040221,-0.3633011928283738,-0.5050939630887664
-0.1124294270398818,-0.10880648521278863,-0.3633057906113395,-0.5105970139700137
-0.1016935666167928,-0.10071035646256572,-0.363331153748477,-0.49987629475679446
-0.10145146317459477,-0.1008298097010971,-0.3633319185465085,-0.4998521355207872
-0.1072426451511001,-0.10531682582917869,-0.3633231868896109,-0.5057187747351126
-0.11491883001369618,-0.11027822788228984,-0.3633010131666616,-0.5127899681613628
-0.10274464160592792,-0.10183196529263594,-0.36332691970552755,-0.5011639687738004
-0.11094055433388347,-0.10781603203018231,-0.3633002619616908,-0.5092105678848075
-0.10527535359202837,-0.10391163294281383,-0.3633081620470197,-0.5038214946887276
-0.10674757679574391,-0.10437045657034168,-0.3633214921867044,-0.5048129249249113
-0.10952699057278881,-0.10655601776894064,-0.3633108249134799,-0.5076552053382467
-0.10470996724013734,-0.10347056521353865,-0.3633120015743212,-0.5032449441214443
-0.10910733638311314,-0.1059604336037335,-0.3633145519574327,-0.5070334617672383
-0.11020827505248977,-0.1075687662900875,-0.3633139678798974,-0.5086926018760373
-0.10509171123912434,-0.10261902409938294,-0.36331034220201985,-0.5028052590794291
-0.11278600734564112,-0.1093497816081748,-0.3632935662275258,-0.5111570885438486
-0.11107870156733178,-0.10836794418674615,-0.3632882678213462,-0.5096776187936694
-0.11120736195522925,-0.10744109972335956,-0.3632955352025027,-0.5090639512117714
-0.1036151310515892,-0.10155987747750803,-0.36331173586298615,-0.5013710968067944
-0.11149134778196908,-0.10767645550823308,-0.3632996943991732,-0.5093601782683845
-0.11399507356823434,-0.10942684348478995,-0.36329571611374384,-0.5117600445218741
-0.11424848526454164,-0.10985490131205722,-0.36330115211318287,-0.5121806030144033
-0.11295983747174677,-0.10948086886700854,-0.3632872321180694,-0.5113339060113697
-0.1058546446180757,-0.1036485224255752,-0.3633037908645269,-0.5038970672368609
-0.10997037232540165,-0.10701973003184595,-0.3633117238146266,-0.508190135123394
-0.10201364220302615,-0.10134594308542734,-0.36331485411706327,-0.5004885545008215
-0.11437622597082993,-0.10996604468935146,-0.3632895070516927,-0.5123250324939712
-0.11178058762384924,-0.10804677386632648,-0.3632932095697756,-0.5097618817860096
-0.10713137230684368,-0.10467669893770895,-0.363304961107166,-0.5052168284418287
-0.11369549220631492,-0.10972401690214503,-0.3633035666954489,-0.5118340365146775
-0.10871153550124278,-0.10543359884252833,-0.36329905430531034,-0.5064825907491965
-0.10505147082566187,-0.10250682918249088,-0.36331474468642466,-0.5027037267659397
-0.1037765485878754,-0.10158482199000594,-0.3633173468349866,-0.5014592531389712
-0.10223642443641404,-0.10159604522938494,-0.36332414436394833,-0.5007648403438547
-0.10087970679813907,-0.10038801898671602,-0.3633228523036386,-0.49927921517412455
-0.10384729518753065,-0.10245768568350151,-0.3633293920471636,-0.5021139440172594
-0.10545891875384755,-0.10294718824558415,-0.3633277010174747,-0.5031989371732075
-0.1072527862734013,-0.1049175506007869,-0.3633172831693015,-0.505438798129333
-0.10345521795361656,-0.10188271464516538,-0.36331851264452836,-0.5015275444576316
-0.10871605328576978,-0.10624586151791582,-0.36331799862896585,-0.5070597842430632
-0.11175935983793817,-0.10786387249201931,-0.3633034289799205,-0.5096148348105285
-0.10827945530687975,-0.10557180846396604,-0.3633035820661184,-0.5063836963398755
-0.11145670698768108,-0.1079713476325343,-0.36330487539463496,-0.5095541931753003
-0.10993699955653535,-0.10672891647332661,-0.36329321113691326,-0.5079754784281703
-0.10864227915998326,-0.10625988715760083,-0.3633010647827825,-0.507045665032083
-0.10882420561005704,-0.10679618584525905,-0.3633181704270923,-0.5075054393313699
-0.10267453349305011,-0.10130241580599685,-0.36331558866292374,-0.5007566411905986
-0.10974390173998032,-0.10688927535061095,-0.36331802144759306,-0.5079899093329866
-0.1029670523073004,-0.1017891567254299,-0.36331413379912586,-0.5012410049317466
-0.10388726225748432,-0.10232333014135059,-0.3633296214697054,-0.5020351082440513
-0.10677395706424499,-0.10420355488751704,-0.3633204200087371,-0.5047051756305271
-0.1057906040928305,-0.10330955027424606,-0.3633113520595116,-0.503619549187457
-0.10420279492378716,-0.10306494756808368,-0.3633161317250254,-0.5027202007878557
-0.11191284547714686,-0.10869803039319847,-0.3633107513239835,-0.5102817452598977
-0.11201774495510555,-0.1089483991139478,-0.36330258428413514,-0.5105142664803385
-0.11148712404895107,-0.10885338167828598,-0.36328988013668545,-0.5102119574065154
-0.11076139513757871,-0.10832255363457667,-0.3632940328116154,-0.5094977841780508
-0.103741150238659,-0.10230360711462663,-0.3633100602048901,-0.5019652755970617
-0.1033283191800459,-0.10228454696024596,-0.36331980399097297,-0.5017589066674651
-0.10302724341313751,-0.1012334497048746,-0.3633213851549116,-0.5008637987295079
-0.10791188677217513,-0.10479847559242819,-0.36332122952331514,-0.5056498635940877
-0.10735378039479113,-0.10448079835155767,-0.36330229943355574,-0.5051779874367044
-0.10671520614723701,-0.10458725003138979,-0.3633095437249831,-0.5049610271186676
-0.10808895675065254,-0.10558114127828254,-0.36331927280659454,-0.506295424132669
-0.10354556530888784,-0.10246047982654694,-0.36331635938304885,-0.5019861703289475
-0.10752355745003347,-0.105256913126989,-0.3633189005494674,-0.5058053858273834
-0.10363240079895442,-0.10150359704108317,-0.36331795947282436,-0.5013349676959449
-0.11376541700262195,-0.10934875962801296,-0.36329198509075017,-0.5116015970151667
-0.10605726690751612,-0.10384403675496809,-0.36330307210065327,-0.5041303225156357
-0.1038233877319214,-0.10248454322017968,-0.3633099603848751,-0.5021330635067272
-0.10853193717275904,-0.10649276330772237,-0.36331671518482433,-0.5071549156272679
-0.1052344882074469,-0.10297904309012323,-0.3633128424765014,-0.5031281800580973
-0.11000188202899913,-0.10675753254012788,-0.3633134459688836,-0.508014497748072
-0.11307535834304282,-0.10890113733902769,-0.36329958499268883,-0.51096170229673
-0.10256462045055993,-0.1011505300572953,-0.363328798753506,-0.5005900792220895
-0.10845263223912562,-0.10617635792347135,-0.363320100201076,-0.5068890177390216
-0.10571159092258273,-0.1043540318586186,-0.36331187966215533,-0.5043362813320995
-0.10435625351648063,-0.10261035098973026,-0.3633093206774681,-0.502465870094921
-0.10772666091306038,-0.1059986932475947,-0.36331722072604555,-0.5064331366811833
-0.1036339613169451,-0.10275844475202779,-0.363315688775948,-0.5022414192584542
-0.11133395192557993,-0.10860307467780862,-0.3633122235606855,-0.5099498386692388
-0.1072508360916503,-0.1043260497352842,-0.36330473831485305,-0.5050184030289749
-0.1060709613345747,-0.10425755079331127,-0.36330248623029915,-0.5044349210234054
-0.11389535525958798,-0.1100011950430084,-0.36330456042560033,-0.5121239689304062
-0.10437995986900656,-0.10234989158370753,-0.36332318821145404,-0.5022813147892894
-0.10843487825854527,-0.10572964604342817,-0.36331730034625465,-0.5065604973580508
-0.10885960169605516,-0.10677857899193625,-0.3633130576826666,-0.5075115997197415
-0.10550912732430372,-0.10295189546943015,-0.36331194090971464,-0.5032337144581934
-0.10041992155985378,-0.10014591284299736,-0.36332653217569194,-0.4988940785161544
-0.1093407228646636,-0.10703121912611431,-0.3633047724376618,-0.5079165239501799
-0.11101285423498371,-0.10857710087707392,-0.36331136934623964,-0.5097858929206576
-0.1052284150838151,-0.10354713196389323,-0.363307348784164,-0.5035379063702394
-0.11153277173559618,-0.10882829934694047,-0.36330941665101807,-0.5102039240104326
-0.11436639862920342,-0.11004743212693223,-0.36329310179163954,-0.5123772759684342
-0.11126795984736013,-0.10844258370153055,-0.36329322031474115,-0.5098145870139509
-0.11016501110325802,-0.10778536854847016,-0.36329456719300446,-0.5088396913593422
-0.10728513830952335,-0.10422325285338838,-0.36330683077256054,-0.5049587277322165
-0.11525567718195791,-0.11045544029299376,-0.36328676075125377,-0.5130783202290796
-0.10548430550664653,-0.10397341179072037,-0.3633176928591778,-0.5039556291327182
-0.10985873043468453,-0.10745273219904856,-0.3633112950306438,-0.5084518258682033
-0.1122471671940288,-0.1092409165977008,-0.3632990613616709,-0.5108311331824121
-0.10161051295314974,-0.10091112987261133,-0.36333081295390607,-0.49998351635697413
-0.10423176140944289,-0.10305200574367658,-0.3633272945666127,-0.502717921220123
-0.11435305886084265,-0.10997858670174633,-0.36328945560620507,-0.5123235894785425
-0.11235313855973901,-0.10887828751784699,-0.3632834604100582,-0.5106263456329095
-0.10431025262784785,-0.10280017908674022,-0.3633223043443198,-0.502574740136232
-0.10450766586577023,-0.10223935322081366,-0.3633141356728053,-0.5022645231213761
-0.10582047873747535,-0.1033168171463037,-0.36332843917907104,-0.5036290141596556
-0.10990286709585323,-0.10727670777387012,-0.3633121929124808,-0.508344481830227
-0.10147234163126793,-0.10056137177027963,-0.36333188788508497,-0.4996681295051227
-0.11286542837058132,-0.10944463242866666,-0.36329328658243815,-0.5112616456530968
-0.11217100739156885,-0.10930835497846282,-0.3632847607951148,-0.5108529949656015
-0.10619601700913044,-0.10358188790422833,-0.363304404308035,-0.5040035906487219
-0.11377285246237814,-0.10949744649490034,-0.3633060619079584,-0.51170446092813
-0.1019582941736841,-0.10070930348986021,-0.3633307213652184,-0.49999588514439847
-0.10380803467553722,-0.10241691465266578,-0.36333885686932876,-0.5020615755792607
-0.10797154211213322,-0.10492069426723052,-0.36331878613646496,-0.5057663606713358
-0.1028760378834166,-0.10118826362584207,-0.3633189816988301,-0.500763934621763
-0.10614859250260347,-0.1043367642053348,-0.3633232410532281,-0.5045159108211749
-0.10451238022881738,-0.10342697709050183,-0.36331123010665606,-0.5031242966496222
-0.11204691903261385,-0.10864269900189792,-0.3633098847640406,-0.510303167446132
-0.1090083261337105,-0.10622600425447486,-0.3633010473309824,-0.5071873358632711
-0.11359140205584153,-0.1092822642248107,-0.36330028462833924,-0.5114701811750152
-0.11109623904219854,-0.10759696793244129,-0.36329587981003625,-0.5091256949177144
-0.10828134700174681,-0.10586580391122215,-0.3633042035739679,-0.5065961295665873
-0.1063634099669658,-0.10407118613785962,-0.3633120928686669,-0.504428033729081
-0.10975900566961289,-0.10642268943618806,-0.3633114416464577,-0.5076640354699642
-0.10723403507919568,-0.10460662565551712,-0.363308996199125,-0.5052106969470382
-0.1137164483977865,-0.10980785260557688,-0.36330351739373895,-0.5119040011870551
-0.10893109957985224,-0.1057914454619694,-0.36329842528503825,-0.5068404943081505
-0.10664451038345996,-0.10452335897688844,-0.3633011696528196,-0.5048874685485835
-0.10478801830706731,-0.10320082348524805,-0.3633080506751356,-0.5030880827391119
-0.10644397607923446,-0.10398838074314107,-0.363325171102095,-0.5043977623550321
-0.10404600583176485,-0.10247280367831658,-0.3633196088356295,-0.5022203416508436
-0.1081883488905999,-0.10581456808275705,-0.36331748505135786,-0.5065097526169443
-0.10941852566189927,-0.10660221355588977,-0.36331338366275334,-0.5076378935820258
-0.10360576745279054,-0.10263905118164343,-0.3633135998237101,-0.5021437075534391
-0.10254441532671511,-0.10123507958625323,-0.3633179586085461,-0.5006477732720735
-0.1065434931296003,-0.10479522062458652,-0.36332270607722844,-0.5050258378343314
-0.10896203024501634,-0.10673641358420602,-0.363310669974041,-0.5075289843658598
-0.10903083354643357,-0.1057032216058301,-0.3633027104315449,-0.5068198143918404
-0.11193425509721124,-0.10905870028581316,-0.363302716565512,-0.5105558190796172
-0.11391213886829192,-0.10975293004298205,-0.36330001177410076,-0.5119551156970968
-0.11082221091784883,-0.10718507903705296,-0.36329551978903024,-0.508704665515056
-0.10927028979337701,-0.10683502163645052,-0.3632987068632211,-0.5077464573077378
-0.11268829243305181,-0.10962386256164768,-0.36329964441031004,-0.5113069945766516
-0.1037529147425493,-0.10197732884722353,-0.363325037868209,-0.5017272533158009
-0.11169290728267084,-0.10850782908911501,-0.36329738866232625,-0.5100521499151519
-0.11285610784644766,-0.1090576644295474,-0.3633002334411167,-0.5109746949102261
-0.1005267109025952,-0.1004035457654538,-0.36333363866730695,-0.4991243558564291
-0.1049861704160753,-0.1028448869228726,-0.36332845747176123,-0.5029102872807584
-0.10477949726360072,-0.1032783929048833,-0.36332780240541085,-0.5031293466098271
-0.10867846468556507,-0.10621892088711243,-0.36331499738558576,-0.5070249487201729
-0.11469094638722162,-0.11025163974762842,-0.3632987520548768,-0.5126686411989924
-0.10849908491126414,-0.10536189193412313,-0.3632977221408937,-0.5063352370687082
-0.11079589428178795,-0.1081633939176768,-0.36330539753536856,-0.5093925097851624
-0.10153804945211127,-0.10052877039552906,-0.3633318292441381,-0.499674475433624
-0.10201263867974061,-0.10155263708287471,-0.3633360041266053,-0.5006255400726939
-0.11232352095783521,-0.10876903736807148,-0.3632957508234176,-0.5105274497181684
-0.11039560644984013,-0.1067123946880279,-0.3632989667185964,-0.5081685084944834
-0.10480743479274808,-0.10289273130215448,-0.36331143516772574,-0.5028729695618953
-0.10922429858666628,-0.10590495681708095,-0.3633152928476431,-0.5070461378224009
-0.11038532570020569,-0.10794931113976342,-0.3633153670736779,-0.5090464699227992
-0.114198447295062,-0.10990435124208527,-0.36329560651233,-0.5121965712500149
-0.11033776465729339,-0.10728602018335968,-0.36329539164865365,-0.5085576895648021
-0.10670006022419551,-0.10445664101298845,-0.36330775628943823,-0.5048609863195529
-0.11367671652208618,-0.10951341289926726,-0.3633044481638581,-0.5116732313471934
-0.10307363233903923,-0.1018481825260171,-0.3633263970576847,-0.5013252146998458
-0.10536593494082444,-0.10368271775836756,-0.3633233221532357,-0.503689314002459
-0.10590067948746544,-0.1031777828880206,-0.3633145740291681,-0.5035727550749218
-0.10926063649543617,-0.10651962807981619,-0.36331348428479326,-0.5075066723098528
-0.10864647525249875,-0.10650223623379831,-0.3633008790281032,-0.5072223578835506
-0.1071104193254569,-0.10519200494267342,-0.3633007927869854,-0.5055810336696203
-0.10339098144868376,-0.10189603171256757,-0.3633181737699511,-0.5015081828257714
-0.10242138558043244,-0.10126460645886297,-0.3633226713895054,-0.500610662168868
-0.10392876322790873,-0.10206560475041633,-0.36333339585817004,-0.501866107333828
-0.1076569555151848,-0.10525797929966679,-0.3633191691439464,-0.5058665336598468
-0.11293030992474272,-0.10916577181267383,-0.3633035394064301,-0.5110844822016812
-0.10218612303406847,-0.10114655460888644,-0.36332938800713716,-0.5004151585202052
-0.11222686576996505,-0.10852879276951016,-0.363296491233905,-0.510310020556739
-0.11304298817650942,-0.10869013531185175,-0.36330594159470847,-0.5107914524415641
-0.10263884941105471,-0.10122389498588502,-0.36332852387354286,-0.5006767907744359
-0.10980113781519485,-0.10702887409897195,-0.3633180541410916,-0.5081164847473555
-0.11451530391287339,-0.11021903440697545,-0.363296879693409,-0.5125664678549205
-0.10481788387799683,-0.10320133490562332,-0.3633205374650226,-0.5030951855531767
-0.10142582013619243,-0.10053912654230548,-0.36332562772120874,-0.499634404425551
-0.107191604128001,-0.10524185118330381,-0.3633237189155562,-0.5056412834446601
-0.10207625829275199,-0.10119753546940416,-0.36331975107777037,-0.5004073183563492
-0.1011438537674991,-0.10056314878825705,-0.36332632082677474,-0.4995234065233929
-0.1044420063507859,-0.10212435928987731,-0.3633287427896219,-0.5021438691306715
-0.10506691410141604,-0.10310247781520329,-0.3633278880803394,-0.5031329069522571
-0.10659896736176891,-0.10461816004780396,-0.36332747416923566,-0.5049207782409452
-0.10042266365132974,-0.10030727488422739,-0.36332315541143445,-0.49901347704327464
-0.10961363735136108,-0.10708831928581863,-0.36330419008741893,-0.5080818280345806
-0.10514924528458068,-0.1030273594148022,-0.3633110982116192,-0.5031252822340945
-0.11382990814960994,-0.10932850006857986,-0.3632918719654025,-0.5116163167275379
-0.10435766638493099,-0.10262555339798231,-0.36332261309069086,-0.5024702128199692
-0.10187084867701092,-0.10065135415575586,-0.363326410811441,-0.4999167917630679
-0.10213152481880952,-0.1007729129983874,-0.3633353944038474,-0.5001177830167959
-0.10543558181461159,-0.10285418500753273,-0.3633263219130205,-0.5031220640987495
-0.10610243154239374,-0.10445462379448192,-0.3633266629539354,-0.5045780525170074
-0.10149048397252393,-0.10089467475599796,-0.3633224749246688,-0.4999217469918154
-0.113851772967617,-0.10984575589672309,-0.3632906839355237,-0.5119997278612308
-0.11453757232434973,-0.10998204765659787,-0.36329852194751705,-0.5124048525128403
-0.10490824359638759,-0.10339158623711213,-0.36331996522560045,-0.503273630974305
-0.1032160375827215,-0.10230386859365781,-0.36331460463399157,-0.5017247269825313
-0.10383741680611902,-0.10268803503990417,-0.36333686413234484,-0.5022714197871843
-0.11414088526034472,-0.10986267142354263,-0.3632900991943022,-0.5121434171943139
-0.10510834475355423,-0.10376591494761808,-0.36331879147330925,-0.5036348815227222
-0.1138031637312316,-0.11002189846418665,-0.3632902421412103,-0.5121048787695516
-0.10704795213666822,-0.10402931582198222,-0.36330103230116867,-0.5047144846258548
-0.10770558343029955,-0.10584461368382461,-0.3633216497969415,-0.5063100937018681
-0.106460129460253,-0.1038850501953188,-0.36330239814834786,-0.5043430418731852
-0.10387672498454222,-0.10203775906450059,-0.36332013131239144,-0.501829666059713
-0.10401760985063987,-0.1020738492331965,-0.36333069814953806,-0.5019138312673166
-0.1069547865162948,-0.10450836745687579,-0.36332029403376453,-0.5050070023891312
-0.10929473162919541,-0.10706966737252925,-0.3633102043658852,-0.507920405169365
-0.11290505548868353,-0.10867355341715648,-0.36329999110520905,-0.510720165799233
-0.10900388052354756,-0.10658967431199612,-0.363299998846611,-0.5074480273352484
-0.1023792352741626,-0.10185307963117,-0.3633154884095058,-0.5010196346762524
-0.11054129511968384,-0.10731819836237952,-0.3633163655838264,-0.5086617810750198
-0.11197990991800573,-0.10869099040086175,-0.36330814723955734,-0.5103085210059983
-0.10097572670784426,-0.10030918110804765,-0.3633331749689422,-0.49926031961920153
-0.1069081279522761,-0.10446458554876949,-0.3633253391539753,-0.5049515198238118
-0.10263601405737596,-0.1012959911239303,-0.3633206138663837,-0.500731789787842
-0.1126746435228366,-0.10891763908944843,-0.36329482504466104,-0.5107943812162639
-0.1140180932705116,-0.10971704966690173,-0.36329860836987515,-0.5119780930603646
-0.11383697456848725,-0.10994740276291862,-0.36330232980259575,-0.5120599251017881
-0.10658286008931694,-0.10413995917083997,-0.3633014824315197,-0.5045829678988282
-0.10727039812202177,-0.10560163899356975,-0.3633210432237201,-0.5059378326216399
-0.10450969482009696,-0.10282180076044371,-0.36331588254423536,-0.5026843226014623
-0.1091413046082887,-0.10696542462045504,-0.36331479015254886,-0.5077731492673859
-0.11155764230162492,-0.10798569444215655,-0.36331124035452933,-0.5096068565835217
-0.10260835943949012,-0.10132277682557027,-0.36332837255533385,-0.5007343141313666
-0.10446727178820117,-0.1028617629145505,-0.36333588019346225,-0.5026829625497506
-0.10648419959006657,-0.10399396700416383,-0.3633284729514564,-0.5044182368807463
-0.11148995758162307,-0.10792894943676455,-0.3633087365911995,-0.5095366110381692
-0.11082621860811981,-0.10822895403224932,-0.3633009392003512,-0.5094559690425716
-0.11022098346254956,-0.10730252367427001,-0.3632956392395662,-0.5085164638255507
-0.10324946219151852,-0.10220708540147505,-0.3633124893828579,-0.5016712850808953
-0.1085757878120437,-0.10589045511598558,-0.3633180670194286,-0.5067399253574396
-0.10109664325582848,-0.10036527827823158,-0.363319124935767,-0.4993632875264629
-0.10259028549771045,-0.1018697528474446,-0.3633396630008545,-0.5011142145946013
-0.10519193508006056,-0.10281492903270073,-0.3633338594367515,-0.5029791048141322
-0.10823469780492322,-0.10506066015488678,-0.36331677478969526,-0.5059877472943995
-0.10441944879481398,-0.10337638436206913,-0.36331556818409505,-0.5030432955491299
-0.10779713650432063,-0.10521902520969048,-0.36331666396965856,-0.5059034263336554
-0.1120077908267786,-0.10929335021680821,-0.3633041685197035,-0.5107575289105802
-0.11408536461000393,-0.10952696258684752,-0.3632980278547637,-0.5118719163479646
-0.11224853777276826,-0.10813497695613199,-0.3632843620754685,-0.510042609498905
-0.10824637965646203,-0.1056956922787326,-0.36330263798321893,-0.5064585008929975
-0.11147191010928235,-0.1075059792732857,-0.3633051072378297,-0.5092255235206333
-0.11289250911833316,-0.10911481267296022,-0.36330672654065466,-0.5110288593938856
-0.112542116394682,-0.10930671595771002,-0.3632989488077637,-0.5110124540593957
-0.1119807535470895,-0.10828240959497197,-0.363290042976795,-0.5100242786550181
-0.1093122872867433,-0.10637591903950341,-0.36330115802758695,-0.5074332497479255
-0.11510940353129598,-0.11043143134462223,-0.36329743025354577,-0.5129888221214215
-0.10484954257313288,-0.10227224346298598,-0.3633226097898735,-0.5024387222887501
-0.10767443144087073,-0.10520852622933473,-0.3633181379937182,-0.5058393796543935
-0.1100163284825147,-0.10694557383788025,-0.36330809008800075,-0.5081595178128413
-0.10320829554967506,-0.10226144304096586,-0.36331322951897305,-0.5016913841442528
-0.11125534208812311,-0.10774565826991209,-0.3633141232319364,-0.5092951020626529
-0.11099023051307415,-0.10777370989026659,-0.3632968059967606,-0.5092044928956623
-0.10634545089201984,-0.10378101992606728,-0.3633073832054184,-0.5042133021822527
-0.10846711048825826,-0.10649096898911081,-0.3633129015677263,-0.5071262906479433
-0.11342899604686799,-0.10964825514032052,-0.3633001636652925,-0.5116603687361126
-0.10624354460737322,-0.10358487748394843,-0.36330296534367934,-0.5040280955123415
-0.11446508853379268,-0.10997000638799294,-0.363289265259836,-0.5123683392200584
-0.10413330286323862,-0.10172633809641819,-0.3633249989494112,-0.5017189498371304
-0.11306616062419005,-0.10871890539766164,-0.3632946316284887,-0.5108288788553522
-0.1121636785085379,-0.10890390360150702,-0.36329014185562236,-0.5105552004930141
-0.11071006685761066,-0.1076956452885412,-0.3632898325371826,-0.5090249078367111
-0.10552807247399383,-0.10408083890194318,-0.36330812112644273,-0.5040581467038318
-0.11272679805614849,-0.10969257305756089,-0.363306569304576,-0.5113702123425891
-0.10734343444354225,-0.1044600150223336,-0.3633018241550093,-0.5051585711928773
-0.1032563277096191,-0.10231975897981058,-0.36331887230031634,-0.5017521317201765
-0.10944512411196544,-0.10723473094331241,-0.3633160138235707,-0.5081044496659457
-0.10797949740371211,-0.10562012187949864,-0.36329720187485554,-0.5062859058148278
-0.10221008255910166,-0.10076044933032438,-0.36331869244255705,-0.5001535605133819
-0.10445719050227259,-0.10244430401519053,-0.36332732799716827,-0.5023821495194228
-0.10373977662087894,-0.1023123945292705,-0.3633149261016857,-0.5019683308359494
-0.11150802331891983,-0.10808051357945009,-0.36331313382239455,-0.5096516561017094
-0.11132755140329648,-0.1074367128304933,-0.36328642284144846,-0.5091202969129975
-0.11402174585109973,-0.10993803426895879,-0.3632956537668514,-0.5121406506967857
-0.114724756589839,-0.11021222132295633,-0.36330095926855593,-0.5126543629190498
-0.10430990065007555,-0.1029176404093103,-0.36332198906777047,-0.5026594195772808
-0.10538013636426513,-0.10316146915578568,-0.36332434495863875,-0.5033194791079284
-0.10264053338767948,-0.10144527124872821,-0.3633236032122895,-0.5008398107185362
-0.11347834491961942,-0.10920956056639988,-0.36329279700635325,-0.5113705664469567
-0.10639980070102717,-0.10374041968498317,-0.36330329711626497,-0.5042109276174369
-0.10609730975067896,-0.10473739367772347,-0.3633196099419913,-0.5047834016050045
-0.11538412380680137,-0.11050261748316864,-0.3632864412427837,-0.5131707796877751
-0.1013987107564719,-0.10046345283946861,-0.36333210694846807,-0.4995640210783815
-0.11108453355620852,-0.10848086600408789,-0.3632985061804449,-0.5097560707010679
-0.10294081023026605,-0.10159182334842486,-0.3633272261839594,-0.5010797117728137
-0.10695804270926164,-0.10432416673418442,-0.3633219732017405,-0.5048747898458856
-0.11298123780163424,-0.10950073319044994,-0.36330513723881547,-0.5113481599354851
-0.10975601674989133,-0.10709419222692873,-0.36329764002212583,-0.5081542379331377
-0.10512455568311141,-0.10251316047261248,-0.36331138056829426,-0.5027432872424114
-0.1074123331883123,-0.10461516504107657,-0.3633182365903155,-0.505292706126629
-0.10391531905637058,-0.10192574691903249,-0.36331844258436,-0.5017673597760071
-0.10620771674048646,-0.10416256213336014,-0.36332144246473524,-0.5044181525611607
-0.10846018282976047,-0.10610455489678311,-0.36331283897042066,-0.5068446512982213
-0.10475022481398402,-0.10304864842799728,-0.3633138056245474,-0.5029581042536262
-0.10303123856612972,-0.10233754740024237,-0.363316708174789,-0.501664006791576
-0.10869010464816539,-0.10603727330776712,-0.36331783360323594,-0.5068977488002672
-0.11281373681410929,-0.1096744230030782,-0.363301216781832,-0.5113994977620107
-0.10778648985402801,-0.10517478651854963,-0.3633007969970692,-0.505875369767198
-0.11151208602760618,-0.10880155282771384,-0.3633050439706526,-0.510177646308109
-0.10846062335458088,-0.10611360017703261,-0.36330175746738796,-0.5068574203902726
-0.11060379306433961,-0.10820271007027189,-0.3633044475084481,-0.5093342067845905
-0.11265440455110146,-0.10865094812267953,-0.3633035493268068,-0.5105882028092664
-0.10201434654195009,-0.10143755691503104,-0.3633290102554616,-0.5005471822729582
-0.11138589729778843,-0.1080710568776962,-0.36329894590795175,-0.5095971731336647
-0.10367136737006168,-0.10267844496313945,-0.3633097494996397,-0.5022039690477575
-0.10917807733074296,-0.10642112579439868,-0.3633160601648133,-0.5073968058416901
-0.10403482777748066,-0.10273910310804613,-0.363313635631304,-0.502410481329084
-0.10403579193198233,-0.102496435327949,-0.36331816159045704,-0.502233531430441
-0.1113382097561454,-0.10868856651174216,-0.3632975256165937,-0.510021417186024
-0.10229515180077417,-0.10148370173226835,-0.3633284702269744,-0.5007081468002257
-0.11360891036881457,-0.10940277429348863,-0.36329212106411596,-0.511569446108897
-0.10625125650015269,-0.10339892747373178,-0.3633033018268365,-0.5038973766949248
-0.10222677854096304,-0.10079646503002906,-0.3633233269190257,-0.5001845663409801
-0.10381395881330727,-0.10280139229969648,-0.3633275046503159,-0.5023475952092823
-0.10961181797090915,-0.10646064312649817,-0.36331545002610843,-0.5076224219983367
-0.10614780471336406,-0.10415851325231539,-0.36331034887769464,-0.5043941064706498
-0.1085401358687766,-0.10605248337689147,-0.36331281663890225,-0.5068434065737516
-0.1024817800113712,-0.10113213594671126,-0.36331718413540626,-0.5005455742378541
-0.11186854220844325,-0.10830745670860234,-0.36329760322890764,-0.5099872926615119
-0.1102169283452002,-0.10665119359093897,-0.3632901629311824,-0.5080481296845636
-0.11131197725830815,-0.108335974559781,-0.36331037787194703,-0.5097483478530521
-0.10828367148075362,-0.10638622035402366,-0.36330255527986155,-0.506973204232705
-0.11217019301921226,-0.1081222759802354,-0.36330288793948945,-0.5099877944090054
-0.10341399316183122,-0.10248042289531349,-0.3633244578533976,-0.5019364270561292
-0.11141720170580931,-0.1076902558004028,-0.36331360179699584,-0.5093288918279439
-0.1115430567327838,-0.10827056209128515,-0.36331184458376825,-0.5098052433532436
-0.1088938475006824,-0.10581301517132292,-0.36330244554535424,-0.5068369451164252
-0.11340522063342617,-0.10966090552853071,-0.36330081985425355,-0.5116583415442164
-0.10160001546623204,-0.1007226332550794,-0.36333124090482294,-0.4998426499513894
-0.10902720165555782,-0.10569052960246507,-0.36332143303276565,-0.5067987974643945
-0.11144202480737456,-0.1078503267765909,-0.3633043315784656,-0.5094605956070363
-0.10329083238393348,-0.10237952977442885,-0.3633106115251986,-0.5018153800980861
-0.10126345821502303,-0.1009625856618741,-0.36331773121319827,-0.4998702802663642
-0.10036718352291862,-0.10021595617845816,-0.36332773065887775,-0.49891998356625805
-0.11416507435117153,-0.10973563705820752,-0.3632904500322026,-0.5120626334966628
-0.10998664137963347,-0.10710704033776232,-0.36329610627299297,-0.5082689762208584
-0.11161388274375697,-0.10881411521827118,-0.36331045906726606,-0.5102299328695563
-0.10617202231749755,-0.10411970790146831,-0.3633052789641629,-0.5043798910226776
-0.11264592323412946,-0.10872491836348061,-0.3633069622834757,-0.5106358099395343
-0.1108178229031307,-0.10820554325883114,-0.3632915164186412,-0.5094404185627293
-0.10596310504818648,-0.10424743894605776,-0.3633067816153851,-0.5043763494087041
-0.11066239767737554,-0.10735791090744828,-0.363309867799213,-0.5087489004504394
-0.1080940267248823,-0.10594449385581833,-0.3633050509247102,-0.5065673955556697
-0.10531476501460572,-0.10294538072094908,-0.3633139058829962,-0.5031397589961007
-0.10350354534221992,-0.10140515839944932,-0.36331325788007013,-0.5012081141870721
-0.10412410182353612,-0.10185611323069757,-0.3633290166439737,-0.5018061247339402
-0.10954713125531583,-0.10720514983121865,-0.3633160377796719,-0.5081293974188223
-0.111963730710487,-0.10843496554554401,-0.3633107006539666,-0.5101152414858655
-0.10916739876876791,-0.10600475923512084,-0.36330147653104056,-0.5070998015701526
-0.10404244808919695,-0.10292618423514571,-0.36331404494984965,-0.5025485649316882
-0.10363615790374381,-0.10183748533710728,-0.36331847970318293,-0.5015770577083382
-0.10815693545349647,-0.10522068803860102,-0.3633192820829229,-0.5060664452473725
-0.11195804214656592,-0.1080507927478388,-0.3633050645657681,-0.5098388225272054
-0.1010934379094855,-0.1006830115863599,-0.3633321679748984,-0.4995837376809097
-0.10426811328028254,-0.10259732944255467,-0.3633283806245061,-0.502406087869939
-0.10776353481363883,-0.10533859898765889,-0.3633179331304181,-0.5059736773096455
-0.10750143712394038,-0.10499267887408027,-0.36330312504630574,-0.5056134993970203
-0.11346310161171198,-0.10916929298855914,-0.36330351221598034,-0.511328775689994
-0.10222640102367357,-0.10095356731495767,-0.3633297624877648,-0.5002941224594515
-0.1032207385771967,-0.10124754639224227,-0.3633322469371015,-0.5009558237159116
-0.10799502958148227,-0.10503310256468043,-0.3633208419745602,-0.5058569200130207
-0.11226941778281255,-0.10809547262638944,-0.36330516691838005,-0.5100122509610621
-0.11115686493481128,-0.10854153018182491,-0.36329477459019577,-0.509834671459593
-0.1096028733473172,-0.10689203172448304,-0.3632908665345519,-0.50794273187771
-0.10849069180251603,-0.10571200795450388,-0.3632991205338182,-0.5065830319469573
-0.10834139238997333,-0.1052744223590053,-0.36329932533758424,-0.506199764626985
-0.10071726155668641,-0.1002863323858735,-0.3633205018941503,-0.4991334963203519
-0.10486293897830709,-0.10298680304142578,-0.3633284090230129,-0.5029566948641496
-0.11068864309618309,-0.10820632920862196,-0.36331191711660826,-0.5093712364212811
-0.11112282321227684,-0.10723541254900856,-0.3632866451044837,-0.5088821862967374
-0.10875605651883699,-0.10651293447070376,-0.3632958115601487,-0.5072825547915067
-0.10543867234440016,-0.10386220253664129,-0.3633116608532248,-0.5038580565869185
-0.10503642368212959,-0.10273637463366261,-0.3633140271772663,-0.5028627493775837
-0.10271911522455113,-0.10127261583133242,-0.3633137866305577,-0.5007563728016311
-0.10760215078293957,-0.10441740318913145,-0.36332194984350297,-0.5052342556720482
-0.10235723328241929,-0.10075324409713199,-0.3633207875496079,-0.5002139890832153
-0.11327198967479984,-0.10952306867504455,-0.3632924176083957,-0.5115031242297647
-0.11341512975175158,-0.1091741188076763,-0.36328710605399367,-0.511319444247132
-0.10645351649703258,-0.1041138897494917,-0.36330302630752687,-0.5045046477290571
-0.10311712471038513,-0.10140263916979993,-0.36332091161224733,-0.5010267916089514
-0.10507789605570526,-0.10314306488966352,-0.36332461239087704,-0.5031689334392137
-0.10545322074013139,-0.10364331057569832,-0.36333289721362083,-0.5036952850674584
-0.10665317224723227,-0.10510676756237426,-0.3633251282379846,-0.5052988450478063
-0.11070096124600358,-0.10709564060459302,-0.36330833432289683,-0.5085781883247364
-0.10445585081070485,-0.10324044478989822,-0.36331068394002275,-0.5029644920138151
-0.11356806669478148,-0.10974073377217405,-0.36329132088264593,-0.5117949549619746
-0.1021167573069651,-0.10127162511358989,-0.36332919081228066,-0.5004739450388932
-0.10158369781958697,-0.10052790283274637,-0.3633263990757608,-0.4996975261983197
-0.10639432829488292,-0.10392898007578545,-0.3633253907700927,-0.5043322996516311
-0.10265148823939312,-0.10111104987739611,-0.3633219404335628,-0.5006047795495011
-0.10510908717941782,-0.10307989204242075,-0.3633254350028973,-0.5031371010737006
-0.10628418891360739,-0.10447214522987865,-0.36332659010460644,-0.5046731896023188
-0.10634397214218423,-0.1048013969027342,-0.36332257514402616,-0.504939833424183
-0.10827035596320994,-0.10590984076497638,-0.3633206074208061,-0.5066139299316997
-0.10997426302769361,-0.10687722483964286,-0.3633142144393505,-0.5080878218823148
-0.10966581632313849,-0.10621280111904172,-0.3633015601430777,-0.5074758583347133
-0.11224388440396477,-0.1090369196230035,-0.3633012126513857,-0.5106814267337558
-0.10531353346536078,-0.10363288664391275,-0.36330553525049397,-0.503639329287789
-0.11420976194907652,-0.11005507365391574,-0.36328948883368506,-0.5123136864320685
-0.11058859011308028,-0.10791552152191534,-0.36329436630147177,-0.5091258043456177
-0.10410199728390569,-0.10206144547105143,-0.3633106969850197,-0.5019541010864425
-0.10684560031297426,-0.10401994597971956,-0.3633206573875318,-0.5046052056086836
-0.1116550419502764,-0.10778041509919865,-0.3633083766452357,-0.5095046456238073
-0.10985979221691121,-0.10719201588867171,-0.363295162196482,-0.5082731881487973
-0.1036290751582725,-0.10162634933582683,-0.3633130704926821,-0.5014246084489868
-0.1065864512760852,-0.10468037150564695,-0.3633213364413074,-0.5049632925312293
-0.10181481558849732,-0.1008269724373386,-0.3633215384877625,-0.5000206149873873
-0.1103642001892112,-0.10750980774977836,-0.3633019586913098,-0.5087274069154869
-0.10845158329737573,-0.10654963833932905,-0.36329642608584156,-0.5071705288350123
-0.10839529118102582,-0.10606765044189652,-0.36329736106436844,-0.5067970569928224
-0.11393303201285718,-0.10994924081287863,-0.36330006266570086,-0.5121060700596697
-0.10277171764887527,-0.10157171302207307,-0.36332748296307815,-0.5009883544988114
-0.10705383233995104,-0.10539790979039551,-0.3633211381939034,-0.5056926700828301
-0.10394396021695439,-0.10205149961717105,-0.3633174301313639,-0.5018715511799114
-0.10722503480915245,-0.10485888232716035,-0.3633198028578752,-0.5053825425861435
-0.10663926138864153,-0.10416906436202551,-0.36331027204663063,-0.504624739633614
-0.10958929213361218,-0.10733838278200178,-0.36331042033716043,-0.5082476286941642
-0.1014336332454434,-0.10088069850740125,-0.3633312227956353,-0.4998811028265645
-0.10107788521832367,-0.10045661122432643,-0.36332079355311264,-0.49941969973994715
-0.10365008684150732,-0.10248518705737936,-0.3633292638896654,-0.5020443589521529
-0.10811834507838744,-0.10550438164710652,-0.3633181376554471,-0.506254049142472
-0.11048563201124754,-0.10763304227772133,-0.3633063038249669,-0.5088689599329415
-0.11110364817635299,-0.10753132323359196,-0.36330492299144684,-0.5090768023504364
-0.10696954679908555,-0.10454104232360156,-0.3633065536744671,-0.505044752558792
-0.11020716816040779,-0.10767406036791065,-0.3633087712837906,-0.508770833298342
-0.10435231549224885,-0.10213726014190116,-0.3633111517599118,-0.5021220760964872
-0.11433053224578561,-0.11016360709666682,-0.36328908053389863,-0.5124469374839825
-0.10300405243056035,-0.10209793284950448,-0.36332591240557605,-0.5014739311409476
-0.11133265049020424,-0.10848876270712014,-0.36329802287224855,-0.5098746032346269
-0.1128253046611676,-0.10907145949307175,-0.3633013568325761,-0.5109700490820869
-0.10257031267158777,-0.10078507500130697,-0.36332961466646957,-0.5003287936792776
-0.11225156050221896,-0.10867460486742181,-0.3632961167481959,-0.5104265320743288
-0.10490153572462571,-0.10371897023716599,-0.36330632530876744,-0.5035140143125905
-0.1031791735867025,-0.10107460421840826,-0.36332290771868836,-0.5008174048920719
-0.11128486809116475,-0.10847626604021847,-0.3632981485436037,-0.5098438468991604
-0.10935506062388357,-0.10711613882766303,-0.3632913463551297,-0.5079915694234088
-0.10695709484445842,-0.10408166974077118,-0.3633088312974286,-0.5047067401466349
-0.10466907631482653,-0.10239615152117194,-0.3633185578182263,-0.5024483661788498
-0.10851942254332786,-0.10596116875622541,-0.3633167188990561,-0.5067660579330855
-0.10714641462099604,-0.10509535384401501,-0.36330413147590884,-0.505525876168377
-0.10430622463971179,-0.10334343604608766,-0.36331640251980235,-0.5029677181309407
-0.10153723810156401,-0.10046925420563657,-0.3633257502773808,-0.499634526044775
-0.11201118037217149,-0.1089472811404393,-0.3632958793471011,-0.5105141425213655
-0.10244317308113753,-0.10087561045568672,-0.3633296118672224,-0.5003363675359697
-0.10845692174550098,-0.10571996555317471,-0.36332100311404913,-0.506561499937982
-0.11272505158668622,-0.10941869009901203,-0.3633021958260208,-0.5111743904067418
-0.10864271345983047,-0.10641374756675934,-0.3632994855247373,-0.5071576279028815
-0.10263618695002462,-0.10178553764687434,-0.3633158688034302,-0.5010873274692603
-0.1093323116943149,-0.10624632159719655,-0.363318238740115,-0.5073395962383707
-0.10372517446117906,-0.10260381999717465,-0.36331415225246627,-0.5021721889429502
-0.10660695864405638,-0.10498542736397945,-0.3633195274945348,-0.5051934713433043
-0.11093136240536676,-0.1083331452205152,-0.3633072321572703,-0.5095753315206404
-0.11381363882869316,-0.10948401011828524,-0.3633059206361063,-0.5117133586317965
-0.10869519315583996,-0.10536935015867123,-0.36329940432701463,-0.506428673806519
-0.11483162659639368,-0.11004668825331801,-0.36330000952597624,-0.512584054168076
-0.10766144771745291,-0.10563039795019234,-0.36329842981995786,-0.5061483355785332
-0.11299247260362434,-0.1095967438253525,-0.36330243293340586,-0.5114239389008544
-0.10481068008380795,-0.10249342027085835,-0.3633221960126827,-0.5025807412662541
-0.11095186618269752,-0.10832101040271555,-0.3633123402655464,-0.5095730992438973
-0.10364022281121386,-0.10214247969248101,-0.36331021246978346,-0.501803257350876
-0.10509578857705669,-0.10260136280312508,-0.36332812767709743,-0.5027846696017075
-0.10829015947500623,-0.10606249540877047,-0.3633162351500243,-0.5067353368096635
-0.1099321040652886,-0.10736315582236053,-0.36331472697804096,-0.5084186763584703
-0.10690110100312622,-0.10500060479629646,-0.3633074203937335,-0.5053444800880879
-0.10859438856517015,-0.10574167273442535,-0.36331755897016105,-0.5066413987355294
-0.11212472196563719,-0.10825178356621817,-0.3633036163156576,-0.5100601155438332
-0.10585078535428513,-0.10323107220787903,-0.363306688812837,-0.5035928328730906
-0.11386885268001377,-0.10956291799020505,-0.3632912411640433,-0.5118033014094016
-0.11072304155679324,-0.10808790504488548,-0.3632951064864734,-0.5093106595563197
-0.10744411932338703,-0.10578574328951032,-0.36330452537502644,-0.5061583749990021
-0.11172719457464894,-0.10861319833483417,-0.36330438619609023,-0.5101398379854666
-0.10871451670271971,-0.10587464592960001,-0.36330185731588377,-0.5068003234052365
-0.10161873389592252,-0.10122571046275552,-0.36331788971516643,-0.5002210532566684
-0.10411886408907725,-0.10198984675296591,-0.3633357562353011,-0.5018964652151985
-0.11068801800197493,-0.10780671502285397,-0.3633143710138025,-0.5090815682363053
-0.10960129199635393,-0.10708094108111388,-0.36329714774591126,-0.5080747528064523
-0.10676445170742375,-0.10459356128358836,-0.3633084654529351,-0.5049885083671057
-0.10302946512912661,-0.10192449727726402,-0.36331963972951675,-0.5013638720063127
-0.11500199156487505,-0.11025447451925312,-0.36328775221508636,-0.5128178179730334
-0.10653509960046516,-0.10431665821395147,-0.36331524079986194,-0.5046811532461145
-0.110954263737749,-0.10765675536240361,-0.3633088541262614,-0.5090972899419053
-0.10353402675216376,-0.10249334152885294,-0.36331100437223546,-0.5020075452470517
-0.10734989806791578,-0.10479870202167484,-0.36331936965871814,-0.5053960541355198
-0.11049851293146815,-0.1074576094225963,-0.3633080968076163,-0.5087473721846154
-0.10982409097471135,-0.10699696486550485,-0.363299483917301,-0.5081140361015274
-0.10693919465538504,-0.10399874807324623,-0.3633087746427305,-0.5046388787426402
-0.11480154075664564,-0.11034381799044567,-0.3632877962613784,-0.5127912439882173
-0.10241855456999054,-0.10135095048834691,-0.3633285195614712,-0.50066842258763
-0.11055160308230973,-0.10805506274143828,-0.363300351282859,-0.5092063376609604
-0.10818977394771831,-0.1055911432406025,-0.36330425805787486,-0.5063565733604826
-0.1037700056079866,-0.10152006535115343,-0.3633167575432651,-0.5014099289626858
-0.11098183656870038,-0.10793112722406417,-0.36329992390378146,-0.5093124446892375
-0.11092813253939081,-0.10802753045113127,-0.3633046129210394,-0.5093550063790918
-0.11253278034931696,-0.10840500527656483,-0.3633027024906834,-0.5103562037385286
-0.11160219731742912,-0.108169856290052,-0.36328446321026925,-0.5097744360518767
-0.11288819577969392,-0.10873549793018852,-0.36330115208831154,-0.510756532391529
-0.10387089505857108,-0.10199103896108912,-0.36332485034966555,-0.5017907685789079
-0.11086311237215127,-0.10703731013686543,-0.36331504540858384,-0.508606051657992
-0.11024692512418659,-0.10687540578226437,-0.36329479457566743,-0.5082208260048008
-0.1073139640230252,-0.10450068258991996,-0.3633078869639643,-0.5051712035964185
-0.10159978104174455,-0.10114135798904146,-0.3633211205594399,-0.5001498882644216
-0.11391600250688722,-0.10949577066206656,-0.3632914018326667,-0.5117762064083184
-0.1121071102851449,-0.10885972514566161,-0.36328703025513515,-0.5104993879525973
-0.11128824438871542,-0.10857231139975672,-0.36329362833264645,-0.5099170766371864
-0.103598149068538,-0.10253157484961298,-0.36332405005568214,-0.5020570764163437
-0.10585047234534618,-0.10455245330188634,-0.36332076536441604,-0.504537468282501
-0.1136704441916738,-0.10974605822205356,-0.36330480211035987,-0.5118378847737762
-0.10849555826658532,-0.10654225910489223,-0.36329830648223543,-0.5071841357510117
-0.10582848576921171,-0.10424924458054326,-0.36331118561835263,-0.504314166762022
-0.11029066743157656,-0.10798404988172092,-0.36330974983971076,-0.5090316276091233
-0.10778075883872726,-0.10529904064059795,-0.3633051993953266,-0.5059599295613829
-0.10231885990170551,-0.10087403749025625,-0.36331918775214167,-0.5002845202820301
-0.10873573483620022,-0.10617829615561099,-0.36332041982043717,-0.5070186908942969
-0.11289132453061543,-0.10901886175179956,-0.3633015080565396,-0.5109620085635553
-0.11278027142603494,-0.10860586055607263,-0.36328614652278407,-0.5106223126950129
-0.1029482442250145,-0.101677728024847,-0.363327010791474,-0.5011451230963005
-0.10977134984295814,-0.10671962291146117,-0.36331743048288806,-0.507880399014214
-0.10816758886963912,-0.1058110818250024,-0.3632999952220543,-0.5065073680201583
-0.10111726132056356,-0.10077052718443313,-0.36331914359682677,-0.4996647388096491
-0.10962008442794495,-0.10648344081561574,-0.36330557980723055,-0.5076479935082585
-0.10813302048256992,-0.10568573770275315,-0.3633010709726031,-0.5064007472356618
-0.1077137346128153,-0.10549593340359621,-0.3633022015594206,-0.5060730778513411
-0.10764214621988727,-0.10493117753049172,-0.3632995537068296,-0.5056349614367224
-0.11002730544978269,-0.1068745828684052,-0.36330849751284294,-0.5081131050792623
-0.11379341491899861,-0.10948798899620861,-0.36329820306561905,-0.5117112636409793
-0.10534409674151678,-0.10324236788726636,-0.3633196370118064,-0.5033640095862963
-0.11106089180519531,-0.10795664139629225,-0.3633110342822145,-0.50936063974162
-0.10536278886345977,-0.10305966351312613,-0.36330852117125717,-0.5032468639926144
-0.10236459479823573,-0.10173338218838186,-0.3633236876317503,-0.5009222371747204
-0.10600739574980521,-0.10418035984461546,-0.3633230812608263,-0.504339196168622
-0.11184621759007066,-0.10914569155910475,-0.36330738953231445,-0.5105760273757829
-0.10772890498256867,-0.1059075804795805,-0.36330179675807783,-0.5063768999079722
-0.10833805203323882,-0.10499712533493778,-0.36329815680571254,-0.5059990087287628
-0.11285774259161513,-0.10953421410096487,-0.36330304473565816,-0.5113174027299457
-0.1084695061465599,-0.10513171065584342,-0.36330043279754753,-0.5061544202868592
-0.10363037779720337,-0.10260625588403992,-0.3633164718500501,-0.5021296669380015
-0.10789418819440595,-0.10534384691620588,-0.3633182360426666,-0.5060365753187163
-0.11292931723801279,-0.10975012387491682,-0.3633026942176761,-0.511505698671041
-0.10863287480898437,-0.10654379786155205,-0.36329873317164324,-0.5072473158302439
-0.10908550969757395,-0.10643114168272037,-0.36331135377331947,-0.5073645862110266
-0.11164585361274146,-0.10780691946403284,-0.3633029857219875,-0.5095225240603322
-0.10436809956251647,-0.10264552689807321,-0.363309418569067,-0.5024965464695013
-0.1058191217238918,-0.10447987350778203,-0.36333022066895954,-0.5044657659722782
-0.10090696594281508,-0.10049001049168171,-0.3633234442783415,-0.49936477634169174
-0.11129470044902412,-0.10818768591287671,-0.3632988532949079,-0.5096399125700444
-0.10347975488781233,-0.10176783134159445,-0.36332599261519233,-0.5014517854159413
-0.1116755576776761,-0.10881114022697522,-0.3632967073232923,-0.5102632789294517
-0.10776548066603521,-0.10539401825455894,-0.36330277611750517,-0.5060227809323007
-0.1014641659146522,-0.10054979629305166,-0.36331997973484226,-0.49966257689278476
-0.10907629385199231,-0.1061196378584623,-0.36332132720413124,-0.5071304341202711
-0.10996410045061011,-0.10643304533858715,-0.36330941141663026,-0.5077656648255232
-0.10304461847638416,-0.10212861358644519,-0.36331428232400503,-0.5015208006490381
-0.11101810987355315,-0.10753266708128865,-0.36331484478864334,-0.5090335444403921
-0.10463720043316305,-0.10214250615033388,-0.3633105365737596,-0.5022554525234226
-0.10760461762293093,-0.10511518211862592,-0.3633185755168274,-0.5057401814255406
-0.10646616530226781,-0.10377736168828433,-0.3633063097605311,-0.5042660224274595
-0.10605966209983336,-0.10378154231088052,-0.3633127956948339,-0.5040810550898094
-0.10773260243774176,-0.10457595794809453,-0.3633219598851743,-0.5054077266996572
-0.10814305594699485,-0.1056229436555605,-0.36331691929513216,-0.5063513865340584
-0.11240191536312832,-0.10836396785562519,-0.36330379353973974,-0.5102666514944609
-0.11208662778820376,-0.10842203630583591,-0.36329226174213214,-0.5101717550508966
-0.11132248736245329,-0.10872473891164397,-0.36329247875606485,-0.5100431242620745
-0.10793798173003365,-0.10589704992225306,-0.3633025892631202,-0.5064637399888943
-0.10322394247338608,-0.10112682085178597,-0.36331723146658307,-0.500878454423222
-0.10469862361852433,-0.10346620376451725,-0.36332496622609567,-0.5032295761498328
-0.10631169376988751,-0.1040555274520407,-0.36332429887215956,-0.50438661867126
-0.11005886894175641,-0.10638225664136464,-0.3633113414456218,-0.5077710011628395
-0.10575696773424142,-0.10447608692705948,-0.3633101729496425,-0.504445779819822
-0.10354435329952769,-0.1013151426846836,-0.3633206549321699,-0.501157707599894
-0.10583277781682504,-0.10349082764956771,-0.3633235173991895,-0.5037627095214084
-0.10421745298534818,-0.10184743052155405,-0.36331129064233303,-0.5018518985451328
-0.1013068492089752,-0.10077465010476669,-0.36331753595893046,-0.4997546090255126
-0.11384864662387409,-0.10937155342154355,-0.3632918216718235,-0.5116558794700603
-0.10470667955647504,-0.10239393461035728,-0.3633225927122815,-0.5024616271022634
-0.10599756828779397,-0.10454507965674538,-0.36332000968698575,-0.5045993068332167
-0.10723588557605843,-0.10472797545146174,-0.36331793040423427,-0.5052941292605055
-0.10980137293935202,-0.1062229285002266,-0.3633099546391349,-0.5075400810464193
-0.10256717223205557,-0.10096211297789806,-0.3633160184317334,-0.5004624012483556
-0.11224772865914179,-0.10846542022094535,-0.36329661096724597,-0.5102737417721754
-0.10330308129378184,-0.10120772986234253,-0.36332753320716654,-0.5009670578117116
-0.102581498820527,-0.10155303595388665,-0.3633286272297979,-0.5008879714424664
-0.10218512631110215,-0.10165852745109029,-0.36332304932756143,-0.5007872074961223
-0.10212872508997012,-0.10157470694520762,-0.3633197641704141,-0.5007029868645756
-0.11140522651127117,-0.10857764995125341,-0.36329771223840435,-0.5099717729268886
-0.10704406693430979,-0.10480056814098337,-0.36330444101481996,-0.5052667856637486
-0.10133656074322132,-0.10099989890664318,-0.3633211796162845,-0.499928461760502
-0.10527144998889858,-0.10332652491046039,-0.363326261489126,-0.503388092743582
-0.10863860556241946,-0.1058041742642818,-0.36331493636140777,-0.5067079443969535
-0.10979020714833995,-0.1067089392091201,-0.3633129264896852,-0.5078837127659754
-0.11413373428467849,-0.10961939047964754,-0.36329823251642845,-0.5119603739491362
-0.10446448233292227,-0.10264299059178078,-0.3633223956022389,-0.5025313654077007
-0.10208115997796773,-0.10103715749065291,-0.36332583373674154,-0.5002906201819047
-0.11455431206317863,-0.11006863612873068,-0.3632889760418245,-0.5124800730633776
-0.10986529793164607,-0.10765007925412776,-0.36329494414375013,-0.5086059807956396
-0.11115886529574798,-0.10796293299191319,-0.3633045764918572,-0.5094131529229029
-0.10085871341310522,-0.10063464659059707,-0.3633326437801625,-0.4994421158543098
-0.11241774150417912,-0.10824062160694699,-0.3632968852262022,-0.510188694440145
-0.11339151616603853,-0.10901995518439123,-0.3633001858099867,-0.5111904675821243
-0.11128532904753093,-0.10814281815875285,-0.36328804458690034,-0.5096092200031804
-0.10254238209393993,-0.10128295137578334,-0.36332855934939706,-0.5006755701398636
-0.1071316762406623,-0.10435179750064465,-0.3633225797039336,-0.5049731569916471
-0.10366714873355765,-0.10228133161288774,-0.36331898983767313,-0.5019107683174696
-0.10183802134006892,-0.10135596682881749,-0.3633193657933082,-0.5004136334166875
-0.11091203836059525,-0.1071300805307196,-0.3633019541299462,-0.5087022665995165
-0.11131615022151636,-0.10796791506612427,-0.36330485831213194,-0.5094879542181971
-0.10263516600129893,-0.10111562887791474,-0.3633288021805846,-0.50059692854353
-0.1042756789827827,-0.10263677682015979,-0.36333599410729267,-0.5024337983281927
-0.11221883447289949,-0.1084952174940942,-0.3632965309168454,-0.5102821535834242
-0.10531061551429348,-0.10364551485914977,-0.3633063387590699,-0.5036466692276793
-0.10940390991627401,-0.10616257049076816,-0.36331338124827384,-0.5073143653159085
-0.10605641669340278,-0.10346597112559085,-0.3633115858460607,-0.5038527765162395
-0.10334930847972326,-0.10138545908302067,-0.3633220525531463,-0.5011191326659236
-0.11258980909789046,-0.10905098627428843,-0.3632946448486091,-0.5108521058233478
-0.10747781574990531,-0.10508535824542573,-0.36330221165793275,-0.5056700839660179
-0.10697285199575178,-0.10541033502796804,-0.3633160903547585,-0.5056676458406327
-0.10797851656207931,-0.10542794227608697,-0.36332123900539676,-0.5061338135558109
-0.11007478237139325,-0.10644072141704315,-0.3633164307402722,-0.5078175850262584
-0.10745838607186266,-0.10464710704576377,-0.3633085298676305,-0.5053419243220916
-0.10746852021549108,-0.10438809372750396,-0.36330835776525355,-0.505159917732684
-0.10191012970000787,-0.10068858973774339,-0.3633212776687789,-0.49996425637972497
-0.10292941222201388,-0.10149069519669741,-0.363334863210492,-0.5009974771718864
-0.11214248718759531,-0.1091918774748465,-0.36329504735736323,-0.5107504807275961
-0.10502818633283405,-0.10358983129638438,-0.3633056235997587,-0.5034787774873313
-0.10819108359078165,-0.10583494982700421,-0.36331497873910557,-0.5065270529133298
-0.10294015380651522,-0.10173545601360037,-0.3633169453631734,-0.5011885577177304
-0.10910430588302351,-0.10658281558108434,-0.3633179833051157,-0.5074788313653431
-0.10417014442163766,-0.10319043103983018,-0.3633129856666434,-0.50279755326841
-0.10956921336290666,-0.10658728955268301,-0.3633144530368259,-0.5076949232251389
-0.10388003851778892,-0.10227883684131381,-0.363313573517539,-0.5020085200884138
-0.10495361845083516,-0.10304382360114091,-0.363328013259698,-0.5030391551966255
-0.11047193718548741,-0.10777303668098057,-0.3633123340817031,-0.5089603634433669
-0.11324100647013352,-0.10910694961479474,-0.3632973622855631,-0.5111864253197703
-0.10540046929270624,-0.10382787409799381,-0.3633044256217753,-0.5038199283967276
-0.10359880530977571,-0.10170745837577848,-0.36332151915817446,-0.5014647262180755
-0.11109825753889441,-0.10858014132341294,-0.3632981883613977,-0.5098340295224043
-0.11295658778342185,-0.10888370218022443,-0.3633010673909524,-0.5108944365003223
-0.11022243188383088,-0.10725500264287344,-0.3632980244961298,-0.5084815653458112
-0.10220126180301337,-0.10135392761313634,-0.36332895969280743,-0.5005717372300071
-0.10620371867419295,-0.1035887936189989,-0.3633241348967526,-0.5040012919619012
-0.10956397174728105,-0.10666382699987344,-0.36331229917256064,-0.5077488895407459
-0.11280353949241259,-0.10887879770761569,-0.3633003128800774,-0.5108218715425523
-0.11128577562411487,-0.10747792291607616,-0.36328833984556114,-0.5091299998024651
-0.106476877058366,-0.10460213798723307,-0.363306783049223,-0.504865129314839
-0.11310075515963224,-0.10942280733315432,-0.3633049813228268,-0.5113463034196836
-0.10348093030845215,-0.10233196534635806,-0.3633246600020114,-0.5018596783671202
-0.1040221535830085,-0.10230131020661312,-0.36332894617529365,-0.5020808078209605
-0.10460974489520258,-0.10244571094571307,-0.3633320119445375,-0.5024498237403965
-0.11047986616831953,-0.10692149310406726,-0.36331426116797566,-0.508349109822333
-0.10848721946989277,-0.10569689420433506,-0.36329687105338837,-0.5065717903674186
-0.11013704139028424,-0.10752170296693979,-0.3633166043373483,-0.5086249185743662
-0.11073556274334105,-0.10728048973973578,-0.36330778958996707,-0.5087274163356271
-0.11248286111249782,-0.10887747389690842,-0.3633088339865514,-0.5106707660473826
-0.1105870624089626,-0.10729866668331886,-0.36328800557720775,-0.5086839498226304
-0.11017607348927219,-0.10755949248614648,-0.36330345714770873,-0.5086770498769738
-0.10245026923198203,-0.101151947704634,-0.36332902227892233,-0.5005390951162472
-0.1048187417812571,-0.1035533057294953,-0.3633254007977068,-0.5033466232268199
-0.10123780612031383,-0.10038243158741204,-0.3633253917420056,-0.49943627976792815
-0.10164639525346927,-0.1011442894185947,-0.3633357541994243,-0.5001651627857496
-0.104274027524862,-0.10251653179487183,-0.3633273472895816,-0.5023510958277456
-0.1144358251782897,-0.10976264543490465,-0.36328984982596085,-0.5122052752332678
-0.10804383990593078,-0.10550556771187955,-0.3632988843841685,-0.5062316094791925
-0.10866822378483541,-0.10610158108712096,-0.36331268745352463,-0.506936983672212
-0.10603648653057174,-0.10445704665715368,-0.3633114386624265,-0.5045581889850369
-0.11343273097248406,-0.10929544838981313,-0.3633053822055211,-0.5114049087732039
-0.10303218268487162,-0.10213290737765379,-0.3633258196332669,-0.5015119550759942
-0.1004664914966155,-0.10017235335214365,-0.36332964553229613,-0.49893256738344943
-0.10352419515052254,-0.10171126840724996,-0.36333092499365627,-0.5014284854682857
-0.10968626262680004,-0.10644145986906764,-0.3633172769421092,-0.5076413746116412
-0.10504666759832346,-0.103840312881052,-0.3633115046137694,-0.5036645015452909
-0.10947608732086477,-0.10671381976342594,-0.36331277252293,-0.5077447910091939
-0.11129572896862135,-0.1075474070599863,-0.36330997540792004,-0.5091727897371794
-0.11289542814588759,-0.10862495487209772,-0.36330553700668927,-0.5106777398898067
-0.10251311391139822,-0.10105759053344895,-0.3633290996845076,-0.5004995536436209
-0.10305084536876853,-0.10189567099439285,-0.36333274613938205,-0.5013456397640842
-0.1125658962090621,-0.10854655755795853,-0.3632958638590889,-0.5104769943949806
-0.10464213949720566,-0.10250793359117956,-0.3633224628788553,-0.5025145859288059
-0.10378919243263308,-0.10165622208758718,-0.36331886041773154,-0.5015156294274514
-0.10455658494939749,-0.10326898797060763,-0.3633320146325731,-0.5030191273164312
-0.11171120554510952,-0.10803120980370748,-0.3633110257215613,-0.5097094570725704
-0.10276273868852227,-0.10104355967588846,-0.36332876505110573,-0.5006028836081334
-0.10881755999940228,-0.10601257643191755,-0.3633199498238612,-0.5069366214682466
-0.10991255976182852,-0.10738341783750445,-0.36331364318624726,-0.5084250053020588
-0.10477935504435339,-0.10278731314724225,-0.3633109694532799,-0.5027844971035353
-0.1045230270104575,-0.10233867918202792,-0.36331091131467386,-0.5023448482475411
-0.1136267707067674,-0.1099697189394078,-0.363290707771595,-0.5119869793709358
-0.10311296282881215,-0.10097572032910716,-0.3633283053668077,-0.5007131406465998
-0.11128172733447232,-0.10806395407596554,-0.3632991465876442,-0.5095446793811788
-0.1052249713326276,-0.10269851932295514,-0.3633085374419266,-0.5029240084110833
-0.10825160343551156,-0.10604649011838674,-0.36331594680358514,-0.5067064636644434
-0.11030818325347311,-0.10680670750143448,-0.3633136060427999,-0.5081888322832215
-0.11177789601298864,-0.10828501162450578,-0.3633100555618177,-0.5099231879916429
-0.10685397194033182,-0.10513237560619768,-0.36330454313627436,-0.5054196485803973
-0.10538996894148264,-0.10373372352009701,-0.36330662274593645,-0.5037461003585219
-0.1020706963617368,-0.1007271908356667,-0.3633236727738531,-0.5000636258762859
-0.10759338730406154,-0.10579897326741226,-0.36332212563714517,-0.5062260299344312
-0.11014732294805832,-0.10749768644472986,-0.3633066880235602,-0.5086176856110988
-0.10587914258638871,-0.10322102136789789,-0.3633093263116903,-0.5035970147201361
-0.10908029116279058,-0.10586815261784105,-0.3633141280505961,-0.5069549052510033
-0.11173380675239043,-0.10833248707810007,-0.36330330924833326,-0.5099410871394296
-0.10940431158738403,-0.10702071016603365,-0.3632907354231769,-0.5079454635839062
-0.10176501200769886,-0.10107927417849885,-0.3633155906666241,-0.5001831258307833
-0.11134056542133398,-0.10774070705825595,-0.36329981032926306,-0.5093380143698579
-0.11191695729393335,-0.1079790242007032,-0.3633086613238264,-0.5097664859069149
-0.10258346119287373,-0.10111113975029253,-0.3633288916175784,-0.5005701841912837
-0.11003962410621844,-0.10759045979738312,-0.3633022878821617,-0.5086380937638637
-0.11045767165950268,-0.10669450723992681,-0.36328959814971745,-0.5081888900322306
-0.11146675583705618,-0.10838825704982705,-0.36330980750069813,-0.5098565716492854
-0.1051727811805628,-0.10284169607300613,-0.36330788901063577,-0.5030038853536223
-0.10149014926628963,-0.10093691346153551,-0.3633254776139529,-0.4999504019586073
-0.10430805475271483,-0.10219014679041491,-0.3633387145694619,-0.5021250684840876
-0.112120244838921,-0.10924272223785345,-0.36329492369015964,-0.5107771056421667
-0.10976111045713823,-0.1070306542030141,-0.36329868400418064,-0.5081101804709608
-0.10571609076992326,-0.10313990871828561,-0.36331048624719714,-0.5034639343122224
-0.10289783062991274,-0.10216639785662268,-0.3633127449116755,-0.5014822740180722
-0.10511230605722176,-0.1031391121567414,-0.3633318518987186,-0.5031777448170939
-0.10301658421518567,-0.10163919019260874,-0.3633132228741814,-0.501155879112796
-0.10371170845392301,-0.10262028253810651,-0.36333103095264996,-0.5021687313675403
-0.1053394903503908,-0.10308530634457881,-0.3633275065099607,-0.5032444123763739
-0.11327999584754725,-0.10919770833505206,-0.36329309458139825,-0.511271865025246
-0.1076925892338659,-0.10524832481132561,-0.3633011415577101,-0.5058855836479956
-0.10705719539532829,-0.10458666175469696,-0.36330835104316084,-0.5051164225684359
-0.10290211059858612,-0.10213079546312578,-0.3633193663432203,-0.5014549387260354
-0.11011414986393997,-0.10748096280528656,-0.3633157851614749,-0.5085856135960235
-0.10547826114407571,-0.10354995400348965,-0.36330948882001207,-0.5036521335275762
-0.11064618526214066,-0.10798431222981242,-0.363310753180465,-0.5091925760908331
-0.10136486971949772,-0.10064394801792471,-0.36333184265458024,-0.49967891317300905
-0.10107097143728595,-0.10080287318297115,-0.36333364859094636,-0.49965913730579326
-0.10912918180324842,-0.1065668498042056,-0.3633061803222831,-0.5074850530652245
-0.10652617704535793,-0.10506472965633303,-0.36330944693812284,-0.5052194833788428
-0.11302406508922537,-0.1092595115245104,-0.36330447683799644,-0.5111940777767235
-0.10379780172433463,-0.10187929206349165,-0.3633252030017768,-0.5016768638124744
-0.10456579302700299,-0.10262576693154091,-0.36332881861349364,-0.5025614112403255
-0.10061614149008187,-0.10030512705935872,-0.3633275377538296,-0.4990973221787099
-0.10933706663021206,-0.10692779386459716,-0.3633050152281321,-0.5078401827610586
-0.1094178988743613,-0.10674935767956872,-0.36329523958525883,-0.5077535769655254
-0.10474912643446263,-0.10344396606644694,-0.3633117110364924,-0.5032436973327197
-0.11448844467367862,-0.11011177199771065,-0.36328889671603354,-0.5124813234015084
-0.10493052183383801,-0.10318316859427662,-0.3633204043342674,-0.5031332703939511
-0.10920243924784824,-0.10574406673060512,-0.36331496183459266,-0.5069204295838501
-0.10845796426774945,-0.10638486009322132,-0.363313420550109,-0.507045373590735
-0.11385013087985764,-0.10987925620595532,-0.3632997500249647,-0.5120181810185458
-0.103677266598573,-0.10143380701221946,-0.3633263852347464,-0.5013004196363144
-0.10542955725298106,-0.10310909893716637,-0.3633342491814523,-0.5032987469856929
-0.10244764044024349,-0.10152453381875631,-0.363323781259562,-0.5008093263701119
-0.10388682280646581,-0.10184526986347534,-0.36333114663302407,-0.5016894867028676
-0.1064731992389905,-0.10470962101948979,-0.36332096423555255,-0.504933193785731
-0.11172687500950781,-0.10797528322116934,-0.36330738860103823,-0.5096782398476988
-0.1121185005502189,-0.10937774051370236,-0.3633033990109942,-0.5108690098042276
-0.10472615374235605,-0.103132566233889,-0.3633208724482581,-0.5030038134980894
-0.10463728962962529,-0.10290722434406172,-0.36331629165523044,-0.5028035663498295
-0.10819558044614307,-0.10555426476106601,-0.36331658709152415,-0.5063258952866254
-0.10695794276363407,-0.10421803806910113,-0.36330422360466,-0.5048079356072971
-0.10197622609823521,-0.10125671821594118,-0.3633214069915341,-0.5004036867399939
-0.10934608887220014,-0.10664445260066333,-0.3633191971774429,-0.5076322999915455
-0.11067103235477009,-0.10827047434459164,-0.3633123692603977,-0.5094092353989685
-0.1014437530714504,-0.10100706326991547,-0.3633308886537073,-0.4999769615474458
-0.11085758455983025,-0.1072061047704725,-0.3633018684394299,-0.5087324052229664
-0.11258946472113272,-0.10843480483451716,-0.3633075434633194,-0.5104007599013287
-0.11377878046324333,-0.10933353201372879,-0.36330025214230416,-0.5115921712053499
-0.10305341202356418,-0.10098272055760862,-0.36332840357920193,-0.500691113199968
-0.11123662952384515,-0.10849374484509983,-0.36329818995957003,-0.5098345361360804
-0.10588814594003229,-0.10424836478539778,-0.3633061237495161,-0.5043433651130127
-0.10492227987433744,-0.10365786995353317,-0.3633133919853101,-0.5034755272750246
-0.10596577686033144,-0.10392679854218342,-0.3633215892321421,-0.5041383581548007
-0.10528840926667976,-0.1032874517611217,-0.3633144636819226,-0.503374063751112
-0.10974092433675456,-0.10678531743069428,-0.3633131459906607,-0.5079162862108305
-0.11087366929114456,-0.10816352531779355,-0.36331029751629307,-0.5094252179814367
-0.11178570867920938,-0.10790562329605191,-0.3633030733679396,-0.5096570777293623
-0.1097887736318899,-0.10738902208304757,-0.3632945623180271,-0.5083832963517865
-0.10924818983220437,-0.10673228841641941,-0.363300081046811,-0.5076616289300979
-0.10468760299401995,-0.10226255655385924,-0.36331288195048267,-0.5023635743234361
-0.10508423648550472,-0.1029165995345111,-0.3633255973830477,-0.5030080345283879
-0.11063603582695777,-0.1078159578667388,-0.3633122365960659,-0.5090658101316432
-0.10334092691736915,-0.10153988290580727,-0.3633267433633908,-0.5012240789536161
-0.1075578925041566,-0.10481649115205362,-0.3633208330955633,-0.5055024499387626
-0.10669200382047234,-0.10464445576405486,-0.363302774726901,-0.5049954295335717
-0.10599349030965421,-0.10410235273180075,-0.36331165045267394,-0.5042828988470361
-0.11162638936846378,-0.10859458492520213,-0.36330815354682605,-0.5100786269587846
-0.10501418386061172,-0.10342927128944251,-0.36330711461129866,-0.503355877394255
-0.11316015086136982,-0.10941872381670424,-0.3632927558843935,-0.511376983000099
-0.11017199969796648,-0.10654845902079052,-0.36329767128440715,-0.5079495937368568
-0.1113491998639383,-0.10799777258123124,-0.3633101782522941,-0.5095215670207173
-0.10558284372837136,-0.10320039336757468,-0.36330794019586926,-0.503448464563957
-0.10353660094223478,-0.1020717770358399,-0.36331321685538337,-0.5017036385889911
-0.10461912037929837,-0.10280261394767846,-0.3633289148159536,-0.502713027331533
-0.10737339852730905,-0.10517044131565054,-0.3633178285106287,-0.5056755107352098
-0.10249628061653913,-0.10117962368378333,-0.36331936944428245,-0.5005851900936794
-0.10706577308633876,-0.1049036815769779,-0.363322311544765,-0.5053412038358664
-0.1061716378947744,-0.10340989172521996,-0.36330749588322775,-0.5038668654728464
-0.10760548015246124,-0.10514212588770767,-0.36332525541557953,-0.5057563474446415
-0.1025683797025605,-0.10123834390564317,-0.36331916637622597,-0.5006603400504561
-0.10667037095096434,-0.10513876944316972,-0.36332229077370987,-0.5053312647562174
-0.1093588409235007,-0.10605481251887452,-0.3633196023999269,-0.5072128474309878
-0.11251075244318946,-0.108381918376298,-0.36330212040823806,-0.5103298857486673
-0.11411061695074602,-0.11013520792744982,-0.3633035573391828,-0.5123187833952895
-0.10368668305051947,-0.10247036634121992,-0.36332399613905547,-0.50205315630827
-0.11328738095637012,-0.10970352212059245,-0.3632919034891768,-0.511640460524484
-0.11060954555139887,-0.10817732843882469,-0.3632953611901365,-0.5093234816896375
-0.11143864357419998,-0.1083476611238731,-0.36330942626976254,-0.5098147619276928
-0.10943925372095024,-0.10681500266335314,-0.36329095846480014,-0.5078129203577048
-0.1080049778236711,-0.10587514547298198,-0.3632999498876363,-0.5064797897436266
-0.10977647821062453,-0.1074731181007788,-0.363316432449644,-0.5084263957672643
-0.10693158164367865,-0.10503313440215808,-0.3633073286541244,-0.5053818075685854
-0.10185719060204045,-0.10144616912129158,-0.3633201667172828,-0.500486912176601
-0.11181887500085133,-0.10813258564975245,-0.363298089240898,-0.5098384437185107
-0.11157016277942011,-0.10790339514227254,-0.3632916924837693,-0.5095638869498903
-0.1051681937211179,-0.10401786963370147,-0.3633075165800668,-0.5038498022320717
-0.10161757097473004,-0.10054756110477812,-0.3633239186750666,-0.4997284191110937
-0.10489017992771164,-0.1035979217897417,-0.36332681910026304,-0.5034104218125905
-0.1033447605832356,-0.1014058893992538,-0.36332279931671857,-0.5011313878489553
-0.10633756780534359,-0.10468462522147778,-0.3633221277241199,-0.5048530021958122
-0.11035747798876845,-0.10722387002375156,-0.3633093764746043,-0.5085142014675608
-0.1002245333918719,-0.10015241049751773,-0.36333473454639376,-0.49880563206910306
-0.10179270068288018,-0.10109169718983126,-0.36334001212242173,-0.5001913118046172
-0.11115464577405326,-0.10766630026251768,-0.36330029157465643,-0.509199762398216
-0.1069693698071303,-0.1047682686032682,-0.3633061034641756,-0.5052087044823549
-0.10724088903093969,-0.10509241609021316,-0.36332129986823736,-0.5055572513191714
-0.1080836275663329,-0.10591881553982707,-0.3633162965463561,-0.5065380291220204
-0.11032745462929883,-0.10703531767668388,-0.3633155278671011,-0.5083613110382644
-0.11332042041682251,-0.10915378393620814,-0.3632984858095405,-0.5112556025814797
-0.10359312758084654,-0.1019644512796921,-0.36332533160082275,-0.5016453113903364
-0.11027437470149573,-0.10764018374523276,-0.3633152599567554,-0.5087733658989946
-0.10859271191636492,-0.10521902647620736,-0.3633051303485066,-0.5062706953036014
-0.11102664769256643,-0.10734914522065915,-0.3633060953098998,-0.5089099105446743
-0.10653483847497908,-0.10399897635234122,-0.36330770082865155,-0.5044561632324618
-0.11451183808462824,-0.1098808720075496,-0.363289385832995,-0.5123252360588313
-0.10825021196057465,-0.10495386418145893,-0.3632989222728434,-0.5059275526458289
-0.10453537803827967,-0.10226068040103763,-0.3633164355893259,-0.5022912138956307
-0.10660380687779467,-0.10430706720346448,-0.36332001355840027,-0.5047028087073618
-0.10980041150410533,-0.10623514124806287,-0.363311068309802,-0.5075478399187556
-0.1027710261229942,-0.10199889707288867,-0.36331503547861765,-0.5013027533231065
-0.11478539282807045,-0.1102804560562428,-0.363288050237348,-0.5127381068612026
-0.1026088839231867,-0.10135327814367728,-0.3633282203100957,-0.5007566208030487
-0.11299561835604591,-0.10892254876144812,-0.36329428144458553,-0.5109438509857247
-0.10506283927037388,-0.10353100673931757,-0.36330539497089626,-0.5034522239807697
-0.10508335479912058,-0.10388885838004142,-0.36332530145069214,-0.5037086075240125
-0.10844686444735967,-0.10552515480129517,-0.3633146306045651,-0.5064199943025894
-0.10846412706769362,-0.10562618638995364,-0.36331815521055566,-0.5064987255735612
-0.11257375956863659,-0.10835663722981172,-0.3633034064046542,-0.5103395487546187
-0.10889673593644449,-0.10649674899437496,-0.36330091407959153,-0.5073319323208435
-0.11386853961689207,-0.10995809352637247,-0.3632991014132967,-0.5120837141325237
-0.10561916782646816,-0.10379036500797179,-0.3633179245940213,-0.503884751407868
-0.103354340744547,-0.10232918652230018,-0.3633106489896108,-0.5018078872518403
-0.10638924753660532,-0.10362444123650126,-0.36332152836132076,-0.504112588895926
-0.1077213962086523,-0.10541607621239484,-0.3633247186581709,-0.5060066999165171
-0.11232382520056117,-0.10815672821846059,-0.3633047148017165,-0.5100813372420323
-0.11129592139313557,-0.10797964735950226,-0.36328568677121104,-0.5094976992578825
-0.10982842107116178,-0.1064171218332176,-0.3632921571593625,-0.507702045099687
-0.10240103246974203,-0.1017599627913452,-0.36331514009720395,-0.5009625953979131
-0.11006271467467141,-0.10773184042383531,-0.3633165203495361,-0.5087427093990707
-0.1123402864264683,-0.10950044309562848,-0.36329819593684703,-0.5110609247814142
-0.10371648054923067,-0.10140580698303764,-0.3633264188783882,-0.5012980109550956
-0.1030132526410924,-0.10230082664392973,-0.3633367180457663,-0.5016184541847362
-0.1012545105391056,-0.10093455815570813,-0.3633192779267242,-0.49984517368930914
-0.10845473958828959,-0.10519561989231119,-0.36332222646770995,-0.5061818895984603
-0.10307385268492113,-0.10181351486384115,-0.36331756869315535,-0.5013051453074577
-0.10658958103099543,-0.10425442991183141,-0.3633218558973124,-0.5046574070041994
-0.10795166585307286,-0.10491789687238595,-0.36331938953378423,-0.5057549964868995
-0.10613436769065533,-0.10338593463685652,-0.3633047799018643,-0.5038341692934466
-0.10380959714389211,-0.10274139256098574,-0.3633131155590576,-0.5023102229686969
-0.10804995890978372,-0.10553165438296505,-0.36331759081308407,-0.5062429775894838
-0.10857140925757079,-0.10663091999663962,-0.36331440999916426,-0.5072736678218605
-0.10528556881887324,-0.10316728185340861,-0.36331240050031044,-0.503287281806813
-0.1126350457755609,-0.10866544080959077,-0.36330916444563316,-0.5105868005503015
-0.10678976916121449,-0.10520424841563097,-0.3633033119637671,-0.5054429967824762
-0.10576024314743697,-0.10330592294456727,-0.36330544641048973,-0.5036063829653278
-0.10369941352258222,-0.10194606469760051,-0.36331188991491153,-0.501687620571371
-0.1042228342166264,-0.10214573444927887,-0.3633326326981329,-0.5020577087020528
-0.10492952604674935,-0.10372872140916155,-0.36333028049058363,-0.5035206658671354
-0.11011502309092695,-0.1074163459975825,-0.3633119559832845,-0.5085415238204661
-0.1028423061787395,-0.1009336540898541,-0.36332892146532525,-0.5005596791302211
-0.11226458720798117,-0.1090638146044459,-0.36329516791958166,-0.5107135059557498
-0.11107620719808813,-0.10723034709911775,-0.36328769296617014,-0.5088568120659174
-0.10724586535279285,-0.10527450111511928,-0.3633061063473681,-0.5056990519858791
-0.11091169505068448,-0.10749777539793923,-0.3633070087087341,-0.5089643888989449
-0.1034215550095509,-0.10194358145058588,-0.36331178978828865,-0.5015598140003947
