0.24093414147482828,-0.12821303384544103,0.02443661457068269,-0.11952907255592349
0.02037309003692922,-0.21018002612571074,0.3799508199256696,0.09063374433656568
0.12086164040472158,-0.1728749353251806,0.21794577133936466,-0.005152827198285026
-0.005352870670269683,-0.21978077286926023,0.4213859112055973,0.11510375037108811
0.4877057360817756,-0.03647255347146583,-0.37329884947596237,-0.3546532371829698
0.046977714509466306,-0.20029698922731676,0.3370641333179609,0.06527893264295304
0.01440935949530986,-0.2124102414381901,0.3895523291846459,0.0963021831376294
0.5247092807127463,-0.02276929401026795,-0.4329837308294082,-0.38990424445048144
0.5991067883121839,0.004915935581951469,-0.5528721258146221,-0.460791906384586
0.08016529449598564,-0.187982182751655,0.2835562464859407,0.03364452037750576
0.30828886952236134,-0.1031209734113252,-0.08408334226928948,-0.1836133306556489
-0.16561595692746556,-0.2792795639428043,0.6797558762311122,0.26785279762315195
0.4160009834098537,-0.06314124738971327,-0.2577380387314332,-0.2863311298420692
0.6483008799914276,0.023205701633977283,-0.6321601123627518,-0.507664180399249
0.3089496436122081,-0.10288171766378595,-0.08515316734836764,-0.184252865239398
-0.13029663733098262,-0.26669106582638813,0.6223900714098465,0.23397934636826534
0.4674734091525756,-0.04400975831964815,-0.34070241154788894,-0.3353715790414573
0.5417262310912709,-0.016411731037811572,-0.46038511591633235,-0.4061195510092943
0.4686621545202698,-0.04356793888049593,-0.3426184444274578,-0.3365041864621998
0.2898404290127583,-0.1099994946307652,-0.05436291859023212,-0.16607612738653765
0.08892462721504568,-0.18448972045229395,0.2696257644042539,0.025475667969500515
0.36162974150519367,-0.08334869917415588,-0.17010018611487232,-0.2345222380739107
-0.0469739545293395,-0.235218058259131,0.48849726917954994,0.15479496394587122
0.5025846986803872,-0.03063320415451143,-0.3970227121283545,-0.3688836609149646
0.4936107697910179,-0.03429784739077579,-0.38283367211381836,-0.3602740651733054
0.7800702217793669,0.07217398667036523,-0.8445552734380815,-0.6332152895857914
0.07222259003425169,-0.1909143691900601,0.2963739507374674,0.04122611825475797
0.020628922972771413,-0.2100850963883083,0.3795383388160487,0.09038982768316473
0.2713606407645235,-0.11689844044414777,-0.02460105806270807,-0.14851224664814744
0.7262301777087679,0.05216041142465189,-0.7577764992839133,-0.5819168562066976
0.25930379977092377,-0.12138180886879302,-0.005169344135337983,-0.13702730972329347
0.0872861442840227,-0.18531462323285464,0.2720948882648355,0.026874084796119524
0.2129163294583012,-0.13854698502805762,0.06965875998678794,-0.092744287880141
0.4234419084386305,-0.060367909046598944,-0.2697264286030756,-0.2934039210276109
0.5360285482064007,-0.018654531754737746,-0.4513057768640014,-0.40067508997244117
0.48385284636904125,-0.03792183282702455,-0.36710310951449077,-0.35097731879959015
0.3579192256429373,-0.08472627013647682,-0.16411843181049823,-0.23098296023340836
0.6376276301450332,0.01923393940314644,-0.6149611567968998,-0.4974945205374448
0.2692076942146351,-0.11769865226591403,-0.02113097528464003,-0.14646105553597732
0.07684416059407306,-0.18919939771869076,0.28892320738273547,0.03682087304112924
0.3077857276586562,-0.10330442662753936,-0.08326974152021616,-0.1831284674830087
0.4219521334910816,-0.060931030171491596,-0.26733152562083284,-0.2920061639339253
0.7902014273259446,0.07593957653017269,-0.8608849710011008,-0.6428683401362569
0.24466332001848512,-0.12683084967828617,0.018422665972219532,-0.12308731639532389
0.4379347340689277,-0.05498825918477612,-0.2930909735841982,-0.307226166282623
0.30011900337068376,-0.10617294853065995,-0.07092671261409422,-0.17585672069057323
0.41229434825205447,-0.06452263183894225,-0.2517657226408112,-0.2828149683562309
0.288989989356343,-0.11031943102529618,-0.052995586578096,-0.16527181652021716
0.6579968466211985,0.026815440029910542,-0.6477833550039824,-0.5169028981485875
0.12137621455120606,-0.17272362722186774,0.21708443637941333,-0.005679667011889933
-0.0010753956100253426,-0.2182002260250564,0.41448408090517685,0.1110186716906354
0.05772042558532653,-0.19630363732099365,0.319749876571753,0.05504456728443441
0.03777762541458851,-0.2037166284527374,0.3518935129639884,0.07404506958854551
0.48978207169745747,-0.03573645741714104,-0.3766755591725832,-0.35662212306338814
0.17288411236520984,-0.1533961708368783,0.1342077937120325,-0.05457921889273831
0.537834590036556,-0.01788814968643182,-0.454137375044406,-0.40241078608585434
0.32419022667117026,-0.09726796391366577,-0.10975734629434775,-0.1988568964297579
0.1744009291643558,-0.15293669186667413,0.13168049845268204,-0.056129696771098025
0.043907553322528825,-0.2014336473844467,0.34201688401136354,0.06820959684002847
0.23955574461181173,-0.12871957490311736,0.026662685495038696,-0.11820861527347803
0.1631767225848435,-0.15720137734977246,0.14969874399569427,-0.04552651855451417
0.5299892515102052,-0.020732745870770675,-0.44143262628456337,-0.39493839938313546
0.4903056622524624,-0.03550521859850697,-0.37748843495231443,-0.35712681664316404
0.6294430015130841,0.016189403916655243,-0.6017708115655027,-0.4896964559349386
0.3980993597679021,-0.06979382070440399,-0.2288830105982056,-0.2692702385679586
0.1272507318157028,-0.17044900624316472,0.20768862956282153,-0.011193350664968404
0.38373727688583004,-0.07512993760066755,-0.20573251279578386,-0.25557936925481806
0.6144506327510211,0.010667809657655791,-0.577562688655783,-0.4754104770285481
0.13658455465379737,-0.16698179934704394,0.19264207195118654,-0.02008815560697541
0.4952980696467175,-0.03365332366331586,-0.38553873889770984,-0.36188582216834986
0.3168878297986242,-0.09999545160138523,-0.0979972213055873,-0.19192111293470981
0.08003571643442076,-0.18799747342983686,0.28379118811155335,0.033790909699797256
0.48406407465651724,-0.037843323850063504,-0.36744357540930594,-0.3511785780771455
0.3564598570053341,-0.08527023740525275,-0.16176739282560892,-0.22959652037937084
0.675348244269967,0.03321406812768091,-0.675792264416949,-0.5334372558001172
-0.11078343380632916,-0.2589312673191029,0.5913532938600605,0.21558138783844316
0.4078753251611824,-0.06616110125377128,-0.24464076412354085,-0.27858807488980686
0.3348115867511754,-0.09332171679807799,-0.12687796513059624,-0.20898074109792786
0.2758939174348469,-0.11521775322094463,-0.031911334730082785,-0.15283703375140334
0.020752897008958326,-0.2100390907231624,0.37933845745172556,0.09027163181954201
0.1586794544800081,-0.15873034865120506,0.1570601667865097,-0.04110196287947021
0.746345293386635,0.05964068000921263,-0.7901953382117772,-0.6010815786158024
0.3766772005427288,-0.07775212608877546,-0.19435194303502068,-0.2488503907889914
-0.04852207073508552,-0.23578941960805855,0.4909951373526007,0.15627362790297994
0.04925933932381188,-0.199423237871041,0.33340527618858773,0.06313450315351621
0.376579360797596,-0.07779758346295762,-0.19419904291851497,-0.24877949207600403
0.08561883758349409,-0.18593427247730832,0.2747823556952371,0.028462742426604182
0.7668308515593851,0.06725414929626594,-0.8232149251136278,-0.6206004672375738
-0.025917393732514338,-0.22739053924172126,0.4545588954318709,0.1347351762464586
-0.029788689307300054,-0.2288280869068795,0.46079961563826144,0.13842375855909284
-0.13428592239106774,-0.2676070754993214,0.6292796779278682,0.23801415717235508
0.4307033117857548,-0.057677210508939813,-0.28143591492296105,-0.3003417579187011
0.08042077348357868,-0.18787447768449494,0.2831551912984489,0.033410170862417266
0.6483829923010658,0.02323626790547051,-0.632292423580695,-0.507742419718521
0.37939735554529985,-0.07671904265726193,-0.19871998768599952,-0.2513796808509381
0.31988558123163435,-0.09885494119877714,-0.10280907546121898,-0.19473299294883817
0.21421198138545128,-0.13808754596219686,0.06755309458314684,-0.09400323642534492
0.6740339657217758,0.03272323548907852,-0.6736757469656423,-0.5321861610716498
-0.005527696911344027,-0.21984593261420304,0.4216675647966661,0.11527011507180651
0.5621113100037867,-0.008903975460166524,-0.49329871584898144,-0.42555134317513366
-0.14618582515106304,-0.2715938698934881,0.6488149378591754,0.2495238343722317
0.5623938564210107,-0.008822732146442025,-0.4937739065263467,-0.4258250474722278
0.6926003500134359,0.03967538269887538,-0.7035591503280703,-0.5498736835195444
0.3217041514088097,-0.09820083049022021,-0.10575677559993579,-0.1965031976188769
0.44968323368170915,-0.050627967332089074,-0.31202897433940313,-0.3184409279742011
0.16944997393491312,-0.1547432109349045,0.13968703298496932,-0.05137885458617508
0.203312572082486,-0.14219829574911413,0.08507419736225352,-0.08368485704426298
0.04680301571453449,-0.2003616306597964,0.3373459762425317,0.06544574495442679
0.7230045884342484,0.050960874947530765,-0.7525779534728028,-0.5788436828169921
0.21022743274000488,-0.1393726857974107,0.07412864899096094,-0.0899907232823689
0.3917854803321674,-0.0721396561899239,-0.21870528785450882,-0.26325117997534364
-0.08927617056636805,-0.25093779110318293,0.5566840449473065,0.19510478070240644
0.08171264216989238,-0.1873861994522863,0.2810783481505452,0.03218450773431192
0.4526118759296065,-0.04953452503211797,-0.316748508273033,-0.3212139404861851
0.5372835318524121,-0.018098002656223855,-0.4532533954331379,-0.401884288609172
0.5055154683210277,-0.02986973631536105,-0.40201904417521783,-0.3716177296872394
0.05121327844871493,-0.19871497951716144,0.33024357361457346,0.06125318067951491
-0.08648547213994151,-0.24992969990886582,0.552161657671705,0.19243273767864255
0.1116673840710225,-0.17608586574354446,0.232928211380937,0.003796633180843667
0.7783026458513655,0.07151701041727265,-0.8417062553630419,-0.6315311364953107
-0.04010197021118134,-0.23266337785090485,0.47742162776829855,0.148248298079813
0.38822823294431696,-0.07345948427720606,-0.2129703370573004,-0.259853588004503
-0.003207498446911927,-0.21898106488305125,0.41792971118150435,0.11306229642735444
0.32742289192905893,-0.09616535168707596,-0.11504241923334946,-0.2021128670114385
0.40824777953453895,-0.066025308841692,-0.24524090834649637,-0.2789531374534475
-0.021155712286992756,-0.22561711347439717,0.4468845760403781,0.13019924755106138
0.5056562952196728,-0.029817427550035802,-0.40224606211462555,-0.37175190540988257
0.23082149834094334,-0.1319376023406853,0.04076332318927811,-0.10985198151321707
0.4656105529782224,-0.044702052065176856,-0.33769980968852886,-0.3335964361281598
0.40773683207341826,-0.06621254837224089,-0.24441752025981778,-0.2784560015739366
0.20964657051581015,-0.1397271560886164,0.07495661374206208,-0.08959064244530057
0.6376280839296748,0.01923410815832649,-0.6149618879149894,-0.4974949530828632
0.3807535624830001,-0.07623994746189466,-0.2009240712576046,-0.25274115653816187
0.6406931321642053,0.02036961399712789,-0.6199054154460679,-0.5004152494502077
0.8034344690230901,0.08085806848651345,-0.882214270962447,-0.6554768281318688
0.7160510241732663,0.04837868244542287,-0.7413681478104925,-0.5722176966107202
0.4153229518277348,-0.06339336414336305,-0.2566452387400817,-0.28568554192606244
0.31053222682018533,-0.10231191916613769,-0.08771819713078521,-0.18579025768483115
0.3735109323521868,-0.07893444322589183,-0.18925199947860505,-0.24584713142170922
-0.09741164249622791,-0.25383853140750023,0.5698970410871995,0.20288813215097967
0.715795039156695,0.048279949331452965,-0.7409584684118689,-0.5719748475522046
0.5903077062079214,0.0016332340147033886,-0.5386996848293539,-0.45240859525572663
0.3373808429316132,-0.09236326532542338,-0.13101681470594517,-0.2114220505836517
0.5744436485516473,-0.003967371461790936,-0.5128835058859085,-0.4373104188841448
0.5838882511470167,-0.000561056492749179,-0.5281935936923885,-0.4462983761052439
0.4975371217736897,-0.032833951859525756,-0.3891584335079181,-0.36401619762754645
0.42730471293468897,-0.05894161461213465,-0.27595870282554524,-0.29710899637686206
-0.12230974483388879,-0.2632199546012415,0.6099284867626293,0.22656590944523014
-0.10314764703666768,-0.2560066167173658,0.5791085151869986,0.2084489809117127
0.09135678961612936,-0.18380410939779157,0.2655324979543643,0.022994090999548744
0.45925888247589297,-0.04706304092637614,-0.3274613193302647,-0.32754412025956814
0.2803521964027036,-0.11356208965441561,-0.039098987739847324,-0.15708750832866136
0.19060043970547302,-0.1468773954093332,0.10559954872599531,-0.07152435888598818
0.2492500222954348,-0.12511699362617046,0.01103675156879591,-0.1274460327723741
0.6579281486804467,0.02678985971685144,-0.6476726646506963,-0.5168374395197675
0.3737987512388128,-0.07883223952942009,-0.1897193475940786,-0.2461338269269273
0.5064425692774004,-0.029525365101646495,-0.4035135553441147,-0.372501045708471
0.482553463015859,-0.038404781919076036,-0.3650087233514574,-0.3497392668119452
0.2180433608556267,-0.13670473391222382,0.06134515065132096,-0.09769977755826353
0.060182476255102424,-0.19538831606905038,0.31578149464405714,0.052698691978258605
0.15429658458805195,-0.16027264957779153,0.16419203225135526,-0.03683871309346198
0.3470394983903049,-0.0887721162737225,-0.1465838466464029,-0.22062216395402134
0.05675543448570264,-0.19666075607722355,0.3213067152089215,0.05596413263345834
0.1609826669617891,-0.15789795950475405,0.15332895353480858,-0.04331933602556104
0.40575828954568705,-0.06694762861463599,-0.2412282603522613,-0.27656954316762783
0.4275557502244409,-0.058848180820960216,-0.2763632517536574,-0.29734761863031967
-0.03318700103723793,-0.23009206430574114,0.46627414515347665,0.14165676332463506
0.3674080537445854,-0.08120177516007332,-0.17941448425610407,-0.24002966917100754
0.30143327571291234,-0.10569949380104315,-0.07305661321711576,-0.17713171419807194
0.15343233242468468,-0.16069390252110605,0.16550701331185724,-0.036114681177957575
0.11591502126742848,-0.17467553831061222,0.22594906915150625,-0.0004049426939858325
0.11823057854991736,-0.17381460312895092,0.22221677664399708,-0.0026106316309320032
-0.020382409330955475,-0.225331536695907,0.4456377506312026,0.12946079029191626
0.3072805074388889,-0.10348297043467558,-0.08244841351789689,-0.1826324985077714
0.5624780872897799,-0.008698196079959253,-0.49383311328774404,-0.4258919325683381
0.49697815194950223,-0.03304173654394216,-0.38825749244996133,-0.3634836094156795
0.22683056818140868,-0.1333655570758654,0.04723858204507647,-0.10598443903449084
0.3019572771208838,-0.10550230356729573,-0.07389935950277993,-0.17762709959303158
-0.015985206719306477,-0.2236977825093467,0.43855068985593726,0.1252716280108035
0.23587394098121695,-0.13016707649446313,0.03253563511055746,-0.11479808280454207
0.40984931366620847,-0.06543095086819783,-0.2478247398570741,-0.28048554201902576
0.7546111311492858,0.06271311923224876,-0.8035182493703985,-0.6089572455832142
0.30147338823151393,-0.10568438286740589,-0.07312111360262441,-0.17716961168520795
0.07258178080551692,-0.19077966113465772,0.2957961968649545,0.04088471431097629
0.08221479347283767,-0.18719971641775635,0.2802688423640052,0.03170595321468839
0.36731812061140046,-0.08123522396015148,-0.1792695446205521,-0.23994403564545252
0.4928740269450189,-0.03457961757952588,-0.3816528256344056,-0.3595700234078505
0.695122809373881,0.04065296588967726,-0.7075916889454921,-0.5522781282060474
0.17758586294117307,-0.15175279139579922,0.12654912574932187,-0.05916291683094066
0.18472719166451324,-0.14901320578131338,0.11510326804153492,-0.06587990134291366
-0.031773770736873264,-0.2295653683017571,0.4639995994995876,0.1403157285845349
0.2091278619976904,-0.1399856192425819,0.07574151464150924,-0.0891688931271657
0.001430582801305702,-0.2172679110674225,0.4104455780466443,0.10863211838708531
-0.10775812316906785,-0.2578089844062972,0.5864735649650683,0.21269055129974124
0.2018374350054688,-0.14270530813905236,0.08748425412900573,-0.08223450248448527
0.5244591332824482,-0.022858034852043074,-0.43257709376329445,-0.38966604402231275
0.13532197426526205,-0.16742499358676932,0.19469769938730375,-0.018860038060818596
0.5306054504568065,-0.020494820795391666,-0.44241850062203825,-0.39552593767723
0.3245124339848915,-0.09715175400390597,-0.11027927440260354,-0.19917001243619326
0.3630317383776436,-0.0828263810001224,-0.17235924935106572,-0.23585544066281106
0.08021526624947306,-0.18789721779439938,0.28352826135511133,0.03364327449794935
0.4756994352149073,-0.04095227965436976,-0.35396124231073567,-0.3432088924422647
-0.1659415415984955,-0.27940813761148675,0.6802745155165444,0.2681601855417233
0.1463570370498959,-0.16336341680638622,0.1768796405774573,-0.029412832056632476
0.09903596693276273,-0.18094366022461728,0.2531592799589133,0.015681477910290065
0.13078425968496377,-0.16909478734183603,0.2020264419079263,-0.014522786337830995
0.1792401385925726,-0.15113816031969085,0.12388043812107785,-0.060740614749307476
0.6785602126106633,0.03440857540428133,-0.6809689108087338,-0.5364963081039673
0.2455362087017472,-0.12649738245246045,0.01702273260514353,-0.12390757357651427
0.12682568077986334,-0.17061890187386508,0.20836383358091104,-0.010799496682457832
0.5789623441328482,-0.0026434775116770393,-0.5204561719374958,-0.4415921838129153
0.8248192421861651,0.08880128396276366,-0.9166868745835492,-0.6758538159340581
0.0448026832796673,-0.2011062139906561,0.3405701814627675,0.06735105271977693
0.15525561352465234,-0.15988449525792703,0.16267108868838953,-0.037720333162955866
0.2619059571289688,-0.12041328037150056,-0.009362487202223768,-0.13950481180619012
-0.061067916500149755,-0.24045347907989223,0.5112167135161825,0.16822625937270286
-0.01803848164575661,-0.22446994481928106,0.441853272981398,0.1272176904034812
0.7024309800161244,0.04349449064002142,-0.7192669733250932,-0.559251182322926
0.44976469475027914,-0.05059759232323824,-0.3121601822545932,-0.31851802130089646
0.11392937290349492,-0.17541284010994218,0.22914992989459515,0.0014878028214739825
0.415808268935139,-0.06321291192650613,-0.2574274396494174,-0.28614766379765366
0.434443160768039,-0.05628653019877139,-0.28746350749079674,-0.3039020026839536
0.24347330266546252,-0.12730874767461775,0.02031320471650422,-0.12199825955897436
0.034470291363356775,-0.20494493570482053,0.35722504964626256,0.07719728940758497
0.3966642767478483,-0.07032693660427647,-0.22656972826276944,-0.26790196350943307
0.20754188663964346,-0.14070723299878152,0.07819388524357951,-0.08780357009510475
0.4587518709627645,-0.0472515058163967,-0.32664404158332494,-0.32706099835051816
0.6952681813047974,0.040707317471839755,-0.7078257372945793,-0.5524166495944347
0.1452907857077015,-0.16375648389401887,0.17860081332467215,-0.028393706250033013
0.0939375424944855,-0.18283738222463297,0.2613780217087003,0.02054034847257058
0.5332001011213767,-0.01957668493961906,-0.4466391921241135,-0.39799122702388945
0.27253840671009,-0.11646060047703966,-0.026499331372305424,-0.14963427806985075
0.1294633508836074,-0.1696029922571194,0.20414066038768297,-0.013280245205903984
-0.07300910673313776,-0.24485933933685633,0.5304903160224601,0.1796130675078098
0.4377130161633118,-0.05507067410425104,-0.29273360616325683,-0.3070149491008005
0.3615030847307279,-0.08339301491951567,-0.16989531097260913,-0.23439801538578786
0.720195210133229,0.04991655258116068,-0.748049839271175,-0.5761669461464791
0.5339373946146655,-0.01928277017546165,-0.4478109757767639,-0.3987021399577708
0.25302488277033675,-0.12371841290254904,0.004948960684387771,-0.13104831742741618
0.31555575721522544,-0.10049398246119212,-0.09585269838077881,-0.19065736551623957
0.545346110480865,-0.015079481822596774,-0.4662318024688874,-0.40956641251981574
0.40246842159607654,-0.0681701096937899,-0.23592524027267037,-0.2734335415633533
0.5472217634887586,-0.01437919135019139,-0.46925137424271424,-0.41135396829566884
0.5137687625286436,-0.02680283950758411,-0.4153220925155847,-0.3794813453895267
0.22870922481872769,-0.13258541747075991,0.04427426658821543,-0.10767472071372941
0.11800167138494744,-0.1739025653596351,0.22258346284772834,-0.002394786834053919
0.3777378391542132,-0.07736114866983779,-0.19606338323969785,-0.24986851818152722
0.15570472602533303,-0.16021753383932413,0.1615543026302182,-0.038650885869277785
0.24075830232112572,-0.12828123751789722,0.024717770565238606,-0.11936512571659352
0.35071355250110137,-0.087405677597167,-0.15250511038690862,-0.22412069599794604
-0.06833063451540733,-0.24316071870557732,0.5229159906984577,0.17515460967814334
0.13595930455759442,-0.16720108432298808,0.193660202706198,-0.019479772251549843
0.07981422129007654,-0.18801701903520351,0.2841976072677459,0.03404622816603853
0.13394261785501782,-0.16797287581929599,0.19689324246092665,-0.017579726405217766
0.5853273860258192,0.00022776972422433595,-0.5303026712289345,-0.44767391805747336
0.22637865171593763,-0.13350377309991424,0.04799015196867251,-0.10551845486551881
0.6392668048027252,0.01984047579039916,-0.6176061508962516,-0.4990558143419861
0.6071462619974166,0.007902971581493556,-0.5658312322902359,-0.46845215934067497
0.20271379729544203,-0.14240765171026437,0.0860496750413442,-0.08309996400211306
0.2597383529106052,-0.12121907664920184,-0.005868443639551746,-0.13743947349981012
0.2565272299917669,-0.12244836697185679,-0.0007230043291359678,-0.1344284569373242
0.36871059305593157,-0.08072424544284695,-0.18151750254237697,-0.2412858214070761
0.5529160839339524,-0.012114378598710562,-0.4783059095148805,-0.4167991414521677
-0.2348643207703245,-0.3050499743259891,0.7913459279295991,0.3338210011775533
0.33426497754874585,-0.0935350318365018,-0.12600284977041665,-0.20847853952470463
0.08206935189534592,-0.18725372495256964,0.28050330816343294,0.031844562799408616
0.24721457796247748,-0.12583488623305183,0.014347679340267039,-0.12545956630404564
0.7087698566473224,0.04562667393830977,-0.7296685760160144,-0.5653156993165831
0.5384093895690556,-0.017680561495622804,-0.4550684872838944,-0.40295996260165867
0.1934083651041596,-0.1458239117401985,0.10108138534634836,-0.0741890069946376
0.07117970009564467,-0.1912810310749573,0.2980721010067122,0.042233114870307675
-0.18399344649754568,-0.28613160438802776,0.7093605472737234,0.28535724037621857
0.4839299427906758,-0.03789317772975598,-0.367227376559603,-0.3510507766413551
0.6513491682512023,0.02434043262639074,-0.6370719548326578,-0.5105686989100555
0.2519833843032273,-0.12410429696316427,0.006628605049305403,-0.13005441447596922
0.5699044423206558,-0.005939558525698496,-0.5058043332191919,-0.43296722106782326
0.13621494814734048,-0.1671041289953683,0.1932496779419166,-0.019721467122262304
0.6781527535514686,0.03425718106206954,-0.680312109519055,-0.5361081926763447
0.39412831617485145,-0.07126924257893563,-0.2224820490884638,-0.26548451460033307
0.2756090084080731,-0.11532272510615149,-0.03145136834558526,-0.15256435203544982
0.6547369246921353,0.025601658708713115,-0.6425306983611063,-0.5137967024285337
0.0695772012275786,-0.1918963050891369,0.3006386625656574,0.04374740946578726
0.12276685834738932,-0.17213149970174646,0.2149028996179594,-0.006935854078894188
0.5209566138972408,-0.024120776530360155,-0.4268987857953881,-0.38633064814743645
0.3289248363917634,-0.09561646789345657,-0.11747025998427985,-0.2035628228268238
0.11933390287585022,-0.17335523755953552,0.22047738158207975,-0.0036172994651111345
0.11730932471301991,-0.17416398156403812,0.22369775906700484,-0.0017381950571317972
0.1624053779272978,-0.1573139955767653,0.15107933208655733,-0.04462068533947572
0.08005690198283522,-0.1879950357719813,0.28375242047867055,0.03376675586221012
0.28194508552377506,-0.1129652885057193,-0.0416621028881794,-0.1585981965694805
0.28262472070857747,-0.11271245412472397,-0.04275728747381269,-0.159245426194482
0.5343665576458467,-0.019204315719576925,-0.44857038912372116,-0.3990983633483254
0.045338522545144366,-0.2009043405352804,0.33970798444479255,0.06684312007372184
0.5489374531318625,-0.013732518032868013,-0.47200883876192967,-0.41299020664278285
0.770710135995766,0.06869562774886306,-0.8294679494358126,-0.624296773157738
0.17354293243357222,-0.15328200883449616,0.1330428866164064,-0.055338703974430414
0.30964150243253874,-0.10263190567591107,-0.08627391955499752,-0.18492372112021083
0.660201894483254,0.027636553319412505,-0.6513362250533992,-0.5190039783570768
0.12785976640192298,-0.17023455159828815,0.2066974496058227,-0.0117845634077689
0.027457573165230453,-0.20754881295899308,0.36853027447795217,0.08388165567407846
0.12452317912354216,-0.17146307594332377,0.21208449832044796,-0.008594904159588523
-0.014184170123540785,-0.2230296119783075,0.4356469236053626,0.12355431731553046
-0.08222104091482052,-0.24831285518841284,0.545313975523142,0.18838268486173892
0.439378930054495,-0.05445256179166935,-0.29541923233583933,-0.3086068492414966
0.2564605284518868,-0.12246022442063076,-0.0006048382754659798,-0.13434758445502282
0.1724187388031435,-0.15343712744819493,0.13506143693610873,-0.05400339472108939
-0.2314805687546988,-0.30379143291362887,0.7858923036219019,0.33059716649190296
0.21932503292130923,-0.13622491182895446,0.0592820281779558,-0.09891699621733663
0.31729472443854645,-0.09980397535903074,-0.09862241042646724,-0.19224128243798222
0.7857913036514583,0.0743004110142329,-0.8537766379489409,-0.6386663582953804
0.20280708371482148,-0.1423751701247764,0.08589759364483518,-0.08319123159874642
0.13847722739268153,-0.1662616466350344,0.18960456937108372,-0.02187527065763817
0.18014347887240345,-0.15078216747223827,0.12244036322207563,-0.06158058091952623
0.48946173587803243,-0.0359170421609083,-0.3762105593021061,-0.3563004838361199
0.06431705120761233,-0.19385150903113502,0.3091172270741298,0.04875924164469003
-0.09638613907594751,-0.25357705195785973,0.5681461805356856,0.2018792104680467
0.5799394509242242,-0.002341835584884988,-0.5220886203728137,-0.44252134083534544
0.7660126048938973,0.06695015548386385,-0.8218959488080058,-0.6198208005757517
0.081266973900459,-0.18755174982822265,0.28179676416280386,0.032609204055455976
-0.06778742322068476,-0.2429577673023955,0.5220413432746778,0.17463599569579746
-0.007495505028898952,-0.22056771755834825,0.424846914137754,0.11715522570558057
0.6752299423319157,0.033169977452782495,-0.6756016771450271,-0.5333246166991501
-0.0025208046539582085,-0.21872511663127714,0.4168234327655631,0.11240882938437635
0.49002425814044637,-0.03552031877203876,-0.37695935429531624,-0.3568824901248302
0.575406464144514,-0.0038929336095270273,-0.5146713095172897,-0.43821032372584545
0.05744515350072943,-0.19640613553404584,0.32019473310030566,0.05530729805044965
0.42702895210028236,-0.0590442642898481,-0.2755143207555799,-0.2968469341528539
0.27556761936721985,-0.11533802346455735,-0.03138458777859299,-0.15252480361640508
0.3108911982954423,-0.10218261726515743,-0.08829996437023846,-0.18613893480524224
0.3438310360501451,-0.08996322943284318,-0.1414112461419592,-0.21756188946898236
0.11398799551860139,-0.17541738979693688,0.22903463373681698,0.0014072951138139889
0.7288654329376545,0.05314026430812402,-0.762023750170512,-0.5844276348315631
0.20981951051254022,-0.13961032316259292,0.07471881042630013,-0.08969739810689781
-0.17759563617213203,-0.2837650971620702,0.699038322042379,0.2792548547863316
0.45197566226438957,-0.049771408212491375,-0.31572305498247233,-0.3206088096549953
0.39414655209318905,-0.07126244389120728,-0.2225114260337746,-0.2655018002838936
-0.03706875220004213,-0.23153457032188474,0.4725334878998546,0.14535489431892135
0.34520638255787817,-0.08945448378355736,-0.14362996193864896,-0.21887791375462862
0.1430913833839269,-0.16456990816123573,0.1821490326393611,-0.02629415576142269
0.5467768356925278,-0.01451878439343357,-0.4685129920405098,-0.4109318097776815
0.6916113859587842,0.03930762520997755,-0.7019652636862443,-0.5489313795950006
0.5292352523280413,-0.021055326127009888,-0.44025271941836297,-0.3942178036479542
0.36520245688673736,-0.08201933405282591,-0.17585790898291598,-0.2379235037313141
0.0038944043260169536,-0.21635194838213945,0.4064744903645152,0.10628495145444239
0.1757971942738925,-0.15241487272356835,0.12943239346306967,-0.05745704967668175
0.10259939683198249,-0.17962259415362158,0.24741319541380413,0.01228395579556274
0.5359688311642088,-0.018683775115170942,-0.4512154145556009,-0.4006170119297259
0.12192748051157665,-0.17246827127244613,0.21623623484069454,-0.006158791835521482
0.14349123738465197,-0.16442028443231926,0.18150533244746336,-0.026674145864233223
0.38952681976449033,-0.07297723713704318,-0.21506371918511658,-0.2610921054459916
0.5355588223295327,-0.018632015398036605,-0.4503843190003096,-0.40025334114008393
0.17002253554147284,-0.15452397643938687,0.1387692201480808,-0.05191790633116833
0.34599692590338527,-0.0891601374222537,-0.14490379478967919,-0.21962999011307915
-0.01590150982765204,-0.22366681379304332,0.4384156828401746,0.12519172728947314
0.34642156059363627,-0.0890020782707377,-0.14558805911782757,-0.2200340587223304
-0.016907025356678762,-0.22405494336516174,0.44002521533395655,0.12613341151325308
-0.11080874010455632,-0.258940674281785,0.5913940794799926,0.21560542144101724
0.4192118420019346,-0.06194869006656223,-0.26291384175411325,-0.2893942114155914
0.5685449691157058,-0.0064430113373661335,-0.5036116342763748,-0.43167270262661206
-0.08515167180531025,-0.24940834798170108,0.5500325599250286,0.19117297713139259
0.34839176221152024,-0.08826905802609097,-0.14876309654184494,-0.22190949364205137
0.15542676796782273,-0.15981708038034448,0.16239819511270315,-0.03787951422335745
0.7939379371583464,0.0773283712436077,-0.8669075582308678,-0.6464284999848777
0.719728018431226,0.04974779341786384,-0.7472928094817786,-0.5757204597008558
0.3109869979893327,-0.10214775385123365,-0.08845492302243718,-0.1862313887292686
0.7039983923408439,0.0438520100136246,-0.7219788197520791,-0.5607681854907904
0.5419225751192691,-0.016337498348599544,-0.4607005094380723,-0.4063073538789439
0.3350063391160334,-0.09324343621228337,-0.12718761167379466,-0.2091544771115712
0.563909078505543,-0.0081671078671528,-0.4961402632251304,-0.4272554791018781
0.40708538623923585,-0.06645455836828384,-0.24336742910051146,-0.2778347970433639
0.7825735102845062,0.07310441444067028,-0.8485901280887247,-0.6356004320591688
0.5226866051091483,-0.02348139190449361,-0.4296903324717114,-0.3879786532624343
0.309286739919445,-0.10275994497548036,-0.08569918382070285,-0.1845796236236139
0.42053440200847514,-0.06146046268686778,-0.2650480214578357,-0.29066506770836353
-0.0529405791684503,-0.2374328846647571,0.4981166126155945,0.1604831745269355
0.5280637197850606,-0.021475541064684966,-0.4383517876091816,-0.3931019995893472
0.4211852920626791,-0.061224884418467074,-0.26609771491075773,-0.2913011148393976
0.42923895094782427,-0.05822190439348063,-0.27907587217224417,-0.2989484182440345
0.060181990251445105,-0.19538849665234936,0.31578227794441793,0.05269915507516454
0.511607848179807,-0.02760607840273477,-0.411839462073061,-0.3774224713094223
0.4743841001992515,-0.041441172307066676,-0.35184115680442307,-0.3419557020609647
0.7455971976315947,0.05936259558965595,-0.7889895664665694,-0.6003687990528757
0.4947327486356139,-0.033868743132787316,-0.3846319916760568,-0.3613460034753633
0.7673292094918758,0.0674393013302712,-0.8240182530741036,-0.6210753270278662
0.37171497605407366,-0.07959736042082244,-0.18635390685328446,-0.2441240767486932
0.3568416120232947,-0.08512814354686737,-0.1623825666661407,-0.22995974016411402
0.01629993855732237,-0.21170069858986373,0.3865106398252718,0.09450770270685682
0.244683080980322,-0.1268736485512718,0.018351894829653714,-0.12316963363359146
0.5020040846155218,-0.030878949273805523,-0.3961118277112685,-0.3683263530666918
-0.060265661985682506,-0.24015382962598375,0.5099243361386754,0.167459246711001
0.09877957502561951,-0.18103881617843465,0.2535726484238867,0.015925879465277237
0.2480113653184266,-0.1255824004113777,0.013029491859532616,-0.126271913321516
0.2137205515031857,-0.13826498154278344,0.0683492733975517,-0.09352924995499445
0.3126708413521666,-0.1015444109470991,-0.09118619655455529,-0.18787240992818766
0.11378568144235213,-0.17546469138999043,0.22938277488978098,0.0016258925679757397
0.4791734750138823,-0.03966104593656716,-0.3595607677690842,-0.3465188477717063
0.6823523957411453,0.035838505007644406,-0.6870643496061704,-0.5401089482964345
0.6017473966137215,0.0058949556704928074,-0.5571303378803643,-0.4633083675367198
0.7370402797389453,0.05618167709008981,-0.7751977159961443,-0.5922158697672835
0.06530621224148381,-0.19348443643553148,0.30752242459579904,0.04781595615896195
0.3430291316967957,-0.0902645611457682,-0.14012123919259167,-0.21680522740686348
0.08291563892219678,-0.1869394846119059,0.27913899476928505,0.031038016187977524
0.7105330831741636,0.046292713721286516,-0.7325023169068929,-0.566980648099539
0.4653952165955535,-0.0447820974805615,-0.33735268832635135,-0.3333912341349452
-0.05399860202565465,-0.23782665523018442,0.4998218491707944,0.16149157627259814
0.8507765554949884,0.09845910282768999,-0.9585173445700998,-0.7005830817338146
0.04886488495515029,-0.19957586496098223,0.33403664445987746,0.06350326199305423
0.1646433092505124,-0.15655261008581922,0.14741682056772643,-0.04682184201004902
0.12843610418470663,-0.17005449651613835,0.20574118737302194,-0.012364986674783918
0.420987283628949,-0.06129002540483852,-0.265776380210335,-0.2910884490368064
0.4139713086734442,-0.0639018025396676,-0.25446777470696635,-0.28441912779031897
0.2675147235732487,-0.1183288347072653,-0.018402917640087058,-0.14484900454373695
0.5209071435247534,-0.024139068923524354,-0.42681898303804955,-0.3862835257061936
0.4616279091869815,-0.04618243499526775,-0.33128008327654634,-0.32980153963769165
0.33554752058075876,-0.093041792086489,-0.1280595250402945,-0.20966907226566445
0.22239292304497638,-0.13506529196369033,0.05435242568260712,-0.10181774919927489
0.21732286259428246,-0.13698547085836799,0.06249638941269953,-0.09702788526143014
0.1672391356740699,-0.15569020048982418,0.14315207124853435,-0.049396697512565924
-0.14707320007892788,-0.2718781203370453,0.6502821330076323,0.2503867006902021
0.32618314827759964,-0.0966328863812218,-0.11304933185578325,-0.2009419414654281
0.2831573550832098,-0.11252161433165786,-0.04362152510481687,-0.15976173983680098
0.3635373459892486,-0.08263833316519809,-0.17317411162447027,-0.23633694364567304
0.18317446085536426,-0.14956377675628785,0.1176268782465717,-0.06437332985727418
0.21420397820694026,-0.13809046309949302,0.06756603899204383,-0.09399554807402333
0.10925324014655002,-0.17716400724308912,0.2366767477210987,0.005931563580259702
0.6494230359325623,0.023623429327851664,-0.6339682890406619,-0.5087334085046973
-0.13557456417523372,-0.26808289700354226,0.6313589329578497,0.23924325554400916
0.4404571857560482,-0.05405188301561048,-0.29715718213779874,-0.3096344377558762
-0.06124598250564994,-0.24051815538257992,0.5115051140989098,0.16839154058550432
0.3403341064120107,-0.0912953280182045,-0.13579873746245763,-0.21429920872596409
0.04209435190437727,-0.2021064461362072,0.34494038756001855,0.06993844784732661
0.1425034447680822,-0.16478930707810857,0.1830959959296068,-0.025734829444288954
0.16862465860258058,-0.15505368824507038,0.14101436731842498,-0.05059628517176895
-0.05530436530502447,-0.2383065062140277,0.5019306299873152,0.1627370788334106
0.6769436238502984,0.03380777426424508,-0.6783631767798748,-0.5349565360159603
0.5539061386906547,-0.011522381247333735,-0.47971525515013513,-0.4177630634568845
0.20454826913596502,-0.14173123371972807,0.08308851137584483,-0.08485373835917653
-0.06230733342104822,-0.24091145742009967,0.5132195387176335,0.16940285671521815
0.4774543110766025,-0.04030002204323835,-0.35678978694291086,-0.3448808733641455
0.20331198923495575,-0.14219850037683468,0.08507514630154267,-0.08368428857765497
0.2671069079678521,-0.11848047706074505,-0.017745699712529817,-0.14446051662575599
0.15627080003308835,-0.16000554528424882,0.16064315275536845,-0.03918896329496602
0.5135762775232293,-0.026874406193138523,-0.4150118738366373,-0.3792979435842101
0.6137787665200749,0.010367980770662921,-0.576521789953671,-0.4747716671834852
0.30445897981819936,-0.10456479353133452,-0.07792582085316169,-0.1799981929962453
0.03898215560040641,-0.20326923288081256,0.3499518003694495,0.07289707235376675
0.6965227155688145,0.04104523383635161,-0.7099539077155357,-0.5536187888617365
-0.07107959184691026,-0.2441518453766114,0.5273723254946288,0.177771767612948
0.6082104426911172,0.008301586388499205,-0.5675439733149799,-0.4694656620123139
0.413077335604185,-0.06423069287688055,-0.25302728551137,-0.28355739008450787
0.49152313159907446,-0.03503629758010174,-0.37943713322080885,-0.3582952228311198
0.49794796821709264,-0.03268294429206953,-0.389822070404495,-0.3644072921266859
0.013048943356040787,-0.21291332992661838,0.39174687081875215,0.09760084006745395
0.5885064132545992,0.0009534540870257402,-0.535804542843346,-0.45069206052439714
0.5512613413617671,-0.012579703104006246,-0.47551397794590144,-0.4152384269767402
-0.0724107570843957,-0.24464123208007127,0.5295223547418801,0.1790417115363092
-0.2045466586198721,-0.29378465179206614,0.7424757111437685,0.3049329626762929
-0.21358039741290957,-0.2971658446647769,0.7570182655684135,0.3135311421495244
0.7362385300298895,0.05588364882862851,-0.7739054654250512,-0.591451968292845
0.3438358922422997,-0.08996138879827731,-0.1414190399051456,-0.21756643109284446
0.21376549797561895,-0.13824890338880058,0.06827633716227721,-0.09357276789790192
0.22812033444251822,-0.13293471469325557,0.04512182512061225,-0.10727082971543123
0.6157236913249713,0.01109099616477871,-0.5796566208831053,-0.4766247697404038
0.1843146990933766,-0.14916011303886512,0.11577317321650371,-0.06548031877288096
0.10140848044789408,-0.18006520573787466,0.249332785360878,0.013418710352271157
0.47866724665059324,-0.039849199155826964,-0.3587448192191629,-0.34603652391594597
0.1542757677628792,-0.16028133764216612,0.16422483980196279,-0.036819836636223346
0.40956619450471554,-0.06553582793312973,-0.24736819073914407,-0.2802141762423416
0.4051163745533195,-0.06718614572028692,-0.2401935575616332,-0.27595762169605265
0.43772254194403426,-0.05506713324012136,-0.2927489599098083,-0.30702402369180626
0.1470711873133066,-0.1630958838855614,0.17573020792303984,-0.030091208175457185
0.4940658692940507,-0.034124367533223454,-0.38356359028523346,-0.3607087604829451
0.5091192766582595,-0.028530915837145177,-0.4078282911951563,-0.37505136672548
-0.03249263356403098,-0.22983218297181596,0.4651585562755065,0.14100108679772738
0.2732703659661122,-0.11617082832536751,-0.027665549192092964,-0.15030965078402758
0.47485006416296005,-0.04126797907854529,-0.3525922080246984,-0.3423996498340911
0.6509318154728692,0.024185068626403128,-0.6363994582880446,-0.5101710289449912
-0.14971562187946752,-0.2728412863994407,0.6545567088188742,0.2529101470241861
0.1826045430180363,-0.14969962216358246,0.11860535141740103,-0.0637518005473745
0.28707403958242916,-0.11105671209215351,-0.049926053140138205,-0.16348102700799538
0.3378245052884221,-0.09219820118221667,-0.13173179276265223,-0.211844442156085
0.7213464549495388,0.050344291372505845,-0.7499055704286406,-0.5772638918407484
0.13927751696150303,-0.16596684187821786,0.18831255538656055,-0.02264031703925773
0.36943789211290623,-0.08044309773897096,-0.1826827312796262,-0.24195260052891743
0.4949982442916716,-0.03376721605745736,-0.3850575334372315,-0.3615996142399849
0.7425988388216862,0.05824785114918307,-0.78415698939501,-0.5975120422682647
0.15365412584920057,-0.16056123184053783,0.1651888148459102,-0.03627623709971317
0.2971104989252564,-0.10732874989034702,-0.06610631531820266,-0.17304802400117603
0.3907860721375618,-0.07250911086735123,-0.2170928014857385,-0.2622904644738042
0.5187233173782952,-0.024942900384697042,-0.42329252387861493,-0.3842038908877601
-0.11853352620705815,-0.26181477829653144,0.6038434929647303,0.22296812614050032
0.2320953821876992,-0.13143341055529434,0.03873366349514362,-0.11102838066416099
0.137476885824952,-0.16663131770072548,0.19121863070797662,-0.020920128521932924
0.6932437027168263,0.03991465101803082,-0.7045959991990458,-0.5504866822503165
0.15400600098756323,-0.160395407667425,0.16464883170781763,-0.03657667919419416
0.07483259607438986,-0.18996330431044628,0.29215226669242234,0.038725720331419744
0.3974415961725435,-0.07003856978214906,-0.22782303590769537,-0.2686445763315244
0.18239897433689012,-0.14996331302981503,0.11878955628824461,-0.06374955763956547
0.6102865842013996,0.009069437252030577,-0.5708934815458317,-0.4714443746810193
0.2686396888239795,-0.11791008052521446,-0.020215674584860732,-0.1459202137876483
0.5080932394751465,-0.028912149626707517,-0.40617440521733883,-0.3740737701337371
0.7031276207207893,0.04375513551608767,-0.7203884189220726,-0.559915020018318
0.33016109483635425,-0.0950459796126848,-0.11937749168195189,-0.20453972441395996
0.269189828476466,-0.1177052911197698,-0.021102178894455648,-0.14644403298740039
0.24370698243140532,-0.12722103135185714,0.01993719317357967,-0.12221988487715385
0.16955281242318088,-0.15470417644014223,0.13952191414063875,-0.05147601809215674
-0.010171687724357392,-0.2215439964496877,0.4291756741177064,0.11972539854943709
0.6006854423056456,0.00550041688827374,-0.5554185157650557,-0.46229652048423886
-0.015937044961321867,-0.22367997810970186,0.43847299125839756,0.1252256334019919
0.5229552037967926,-0.023382935260826576,-0.4301244762147567,-0.38823449123201703
-0.030840377527444618,-0.22921881888996865,0.4624948617829914,0.13942597532447576
0.08800520133050482,-0.18449611347305694,0.27137593874308386,0.02660467804539035
0.38469466691175724,-0.07477364900927386,-0.20727535661358942,-0.2564898259747792
0.22484560381369367,-0.13434201870150053,0.05025012022102726,-0.1043793958572341
0.2808126576248582,-0.11337264763388943,-0.03982650763956519,-0.1575011158058528
0.1213521859860427,-0.17272988930288857,0.21712527649336266,-0.005654338685647131
0.006662507475911239,-0.2152780909225389,0.40204808678876036,0.10369487545181544
0.23032937883685145,-0.1320518293519506,0.041610383375778826,-0.10929974178315582
0.4336506213155398,-0.056581185426963776,-0.28618612859561,-0.3031472962549413
0.5994713749246499,0.005066541009168812,-0.5534468706298208,-0.4611364589421947
0.34490781686209293,-0.08956649211019707,-0.1431494855332862,-0.2185957384755488
0.1255198734559082,-0.17115841282845112,0.21042572843511964,-0.009604888237240816
0.6201536867577195,0.012735976166347918,-0.5867982226263284,-0.4808461145968139
0.22280168996835714,-0.13527508127792398,0.053411178525521796,-0.10263524534546509
0.345839341855396,-0.08921880117825953,-0.1446498669770253,-0.21948005407609417
0.5069174598527324,-0.029348957381706953,-0.40427908170947524,-0.37295350981739217
0.6553023447314628,0.025812175233804968,-0.6434417558396841,-0.5143354606704105
0.26390554182102965,-0.119669167378607,-0.01258477641282063,-0.14140876985897122
0.35817881358298065,-0.08463010043381836,-0.16453708467332917,-0.23123109923002594
0.14248174587309492,-0.16479739091677947,0.18313095569359739,-0.025714173324901113
0.046320093127297346,-0.20054041623497998,0.3381250046131181,0.06590674947953779
0.3107976599036326,-0.10221664962953025,-0.08814865606265343,-0.18604865015724337
0.031113170730082684,-0.2061906842163186,0.3626376323474243,0.08039801701622062
0.21034655064516916,-0.1393460317996138,0.07392286923143421,-0.09012363243552168
0.5655665663014662,-0.00755105736535322,-0.4988118456381765,-0.4288347451154466
0.0769349159046997,-0.1891657055936231,0.2887768952450429,0.03673437229723375
0.01144399212192826,-0.21351238059955246,0.3943320981741578,0.09912777187693655
0.2937825080571854,-0.1085659148995557,-0.0607412148418911,-0.16987657222708363
0.29466746176186875,-0.10823671821163372,-0.062168536949798625,-0.17072023209103393
0.37277340165805706,-0.07920427988100687,-0.1880600141826958,-0.24513314730982816
0.10718373539127901,-0.17791935752302912,0.2400234200550595,0.00791564629661945
-0.11107629681025699,-0.25904012294528744,0.5918253025177946,0.21585934237466398
-0.06134805697827406,-0.24055716111320047,0.5116681964339611,0.16849322261712785
0.010256597335207118,-0.213944835961831,0.39625295264472693,0.10026782782184451
0.3440800282121934,-0.08987704420701315,-0.14181734873675533,-0.21781339149537993
0.3026742871730166,-0.10523307285256878,-0.07505297200778438,-0.17830586093864254
0.5634454730982896,-0.008339494812499515,-0.49539307415726364,-0.42681375997007165
0.33611118338838164,-0.09283180619103737,-0.12896764086139312,-0.21020503674463709
0.18715411643084923,-0.14814070114604228,0.11116826881119568,-0.06822261735167201
0.403041302731884,-0.06795721533729582,-0.23684868516785995,-0.27397956499735177
0.6180579804114348,0.011962327954364138,-0.5834194325889568,-0.47884702740089
-0.05815892989832738,-0.2393777192829969,0.5065236282810655,0.16545229798985384
0.2491495909836252,-0.12515818639773912,0.01119614207899744,-0.12735478180358561
0.5362753904930793,-0.01852670126783562,-0.45167350502102166,-0.4009156797130431
0.33049809076553216,-0.09491724670280877,-0.1199199259333601,-0.20485598692554086
0.4974656695646822,-0.03286014197553433,-0.38904295703773695,-0.36394819746066376
-0.05576479763141706,-0.23848101543874245,0.5026700133864033,0.16317466359668908
0.4265293761805524,-0.059230277843746126,-0.27470929863750193,-0.2963723957107629
0.23735829264893527,-0.12970511781363525,0.030073374036960532,-0.11632402498533145
0.11688724899192948,-0.17431272849998525,0.22438294034957318,-0.0013300272674436897
0.5213363543199265,-0.023980418801127668,-0.4275114289547577,-0.3866923672915259
0.40784944484556274,-0.0661707151732378,-0.24459904630613138,-0.2785633940546868
0.29733668634855026,-0.10724482523737278,-0.06647099015863844,-0.17326374108845033
0.1698326542704649,-0.15459728570988762,0.13907312369675817,-0.05173974425141581
-0.11162257890378147,-0.2592430644079058,0.592702459237481,0.21639029199702886
0.09571531188342575,-0.1821805024342238,0.2585097067971256,0.018843729836273804
0.29985629982380835,-0.10627345626493878,-0.07050547590643474,-0.1756109867317741
0.24813953788194576,-0.12553343390935634,0.012823957865760516,-0.12639239546564274
0.37467606799763864,-0.07850033311733506,-0.19112860282812716,-0.2469537809643516
0.35737419713198526,-0.08492747823162339,-0.16323892835841725,-0.2304602029906997
0.15475780679230633,-0.1600833898180163,0.16346259955037334,-0.037260145305735515
-0.05883927970265779,-0.239622018171036,0.5076238755132225,0.16610510274221113
0.4670031311724161,-0.04418453929467292,-0.3399444102486826,-0.3349234872890756
-0.011573760432968205,-0.22206460833098562,0.43143613245152523,0.12106189911608611
0.02382023458279736,-0.2088995898571815,0.3743939703735464,0.08734849696154479
0.17114116523743395,-0.15408754125793545,0.136982656690106,-0.05296280659113206
0.7152617677411452,0.04808586962654826,-0.7400955435877195,-0.5714655294041064
0.6046203018622658,0.0069540395042471115,-0.561767957154591,-0.46604762036597136
0.843127148297677,0.09560344417867372,-0.9461980441925804,-0.693298467365336
0.13125138080094523,-0.16892606701771573,0.2012696225162638,-0.014972406818029915
0.3784103049763994,-0.0771038903192407,-0.19714184809017588,-0.2504889907440222
0.4176114971201095,-0.06254303962616525,-0.2603341560537953,-0.28786739081297785
0.18321170202363768,-0.14955065521112676,0.11756628572517025,-0.06440954772399188
0.14910021268022855,-0.1622369165349289,0.172543405880359,-0.031919896487770494
0.4736365436446852,-0.041719030293248194,-0.35063622960303165,-0.34124346965256325
0.17442446120256538,-0.15292793545437577,0.13164257853925987,-0.05615210680398186
0.2180329179240137,-0.136708563779246,0.061362022885897316,-0.09768976976934018
0.12206735144186998,-0.1723944315365329,0.216028019498548,-0.006272076506071089
0.4144758082944624,-0.06370910723935785,-0.2552804811147136,-0.2848824308284075
0.6269301109863563,0.01525606031206772,-0.5977195244833189,-0.48730231979120986
0.4814468550028441,-0.03881608371430678,-0.36322505693533635,-0.3486848951879422
0.7027820039905726,0.04362582521587699,-0.7198320479588189,-0.559585677983514
0.19922135993141143,-0.14371064680707946,0.09167496194151536,-0.07977772639603331
-0.010027419187822906,-0.22149003219803243,0.4289434044743934,0.11958831732025033
0.33704005407466764,-0.09249005910322095,-0.13046762381319565,-0.21109760560501178
0.4026691584859152,-0.06809551060956287,-0.23624881261375363,-0.2736248611352994
-0.1875599628563549,-0.28746763677933407,0.7151000466722066,0.28874929826560036
0.38037865889263767,-0.07637805172070844,-0.2003189685557436,-0.2523806817925367
0.30219993021353586,-0.10541112329391167,-0.07428971848542987,-0.17785670675867182
0.21828362800912515,-0.13661248634479306,0.060960183865937934,-0.09792536701787857
0.2418082372929693,-0.12787761143432674,0.023035773379204594,-0.12034880100279599
0.022712144178048232,-0.20931181266038612,0.37617974853515257,0.08840391141942483
0.8180579126137055,0.08628915600303344,-0.9057880521800246,-0.6694113090976586
0.2747787730821203,-0.11562845697545554,-0.030110870684724844,-0.15176957657839196
0.4585099129559629,-0.04734144594302303,-0.32625401704662926,-0.32683044141333895
-0.03342029866251006,-0.23017378548475476,0.46665635312234244,0.14189138390626366
0.3637007635795717,-0.08257757480438821,-0.17343749884186388,-0.23649262359648238
0.379604353983509,-0.0766635180060602,-0.1990691138957168,-0.25163616247415566
0.33166577457642354,-0.09449306093601884,-0.12180695169637246,-0.20598504010579188
0.5492537583493293,-0.013614386786705346,-0.4725186201852152,-0.4132917610272382
0.7102572161675755,0.046190109618978736,-0.7320575514157426,-0.5667232573014882
0.04316459662425309,-0.20170920935777437,0.3432148769899852,0.06891812108376794
0.151940824682824,-0.1612869763880238,0.16788038434624086,-0.034732049367717455
0.334064289165503,-0.09361396516343556,-0.12568273997770052,-0.2082960008150625
0.451766993422716,-0.04984908913203623,-0.3153867420498224,-0.3204103514475283
0.3553048045628455,-0.08570037496423066,-0.15990625068751796,-0.2284980545654216
0.29520983848345117,-0.10803507117000422,-0.06304271139300699,-0.1712369076377298
0.708004436183381,0.04534164433955268,-0.7284352887778804,-0.5645864574263626
0.4765706875009035,-0.040628449046593795,-0.35536554470857484,-0.3440389871553746
0.6972932745148472,0.04158008738742547,-0.7109912886667222,-0.5543211917709985
0.29261105866365034,-0.10900083351224255,-0.058853968281981306,-0.1687607866540386
0.6818525583905992,0.035652496779029486,-0.6862588858279755,-0.5396327287186569
0.5314996864451651,-0.02021401639745446,-0.44390243089640635,-0.39637724239701067
0.4745362852226138,-0.04138460693540047,-0.3520864520493876,-0.34210069637735274
-0.15957379696842233,-0.2772119313250343,0.6698730643381758,0.26202948790937053
0.747176330726889,0.05994959412253542,-0.7915347954432006,-0.6018733846215256
0.37027972979675616,-0.08013103868430993,-0.18404023777560474,-0.24275673928171826
0.1991117947024481,-0.14375140946793286,0.09185153114164679,-0.07967337525502072
-0.027060458437419443,-0.22781864935006446,0.45639871821278954,0.1358227013797071
-0.0649655876317603,-0.24187315181599356,0.517525248015108,0.17190869727661884
0.5564153878316063,-0.011117094180832066,-0.48419772305962305,-0.42010438640901504
0.049648874241343455,-0.19929488463660538,0.3327638625848488,0.06274332646565828
0.052876005964717754,-0.19809747147299595,0.32756325628379734,0.05966959585072895
0.08861178105270406,-0.18479437728721848,0.26998020384576105,0.02563177063858668
0.31002827934992894,-0.10249250747615513,-0.08690069227775843,-0.18529922507202556
0.2052481340488399,-0.14146590224999311,0.08196823343442516,-0.08551259739521
0.2840196812405382,-0.11218809593971701,-0.04500075835668449,-0.1605668430989009
0.5813244993379385,-0.001973157776213652,-0.5244422713099839,-0.44383414070380756
0.7132755390580552,0.04734943006926495,-0.7368926468500412,-0.5695724750851763
0.09560366005889742,-0.182221972558807,0.2586896895652755,0.01895013229535869
0.42683513561581576,-0.05911642163083486,-0.27520199692318914,-0.2966627923368117
0.23554600587862784,-0.1302389142027367,0.03310312800295501,-0.11442387580935387
-0.17697942481875684,-0.2835396385381448,0.6980421786890787,0.2786665014234042
0.47136018637894694,-0.042565124915121544,-0.3469671595527539,-0.3390746968847693
0.27505304984136547,-0.11552625211935474,-0.030552798777221835,-0.15203060080608632
0.2050506442922222,-0.1415445055628788,0.08227877621196145,-0.08533239392382197
0.41319823959235213,-0.06418546909397738,-0.2532220088249031,-0.2836714107585159
0.45372179661165846,-0.049123019963208,-0.3185389144385795,-0.32227476297182545
0.7067512551749151,0.04487537078732595,-0.7264157844438479,-0.5633922142949315
0.2970575942367426,-0.10734785560275983,-0.06601908762451947,-0.17299562675752522
0.3722835131121094,-0.07938305338337681,-0.1872677182390068,-0.244657534537166
0.3795731191930227,-0.07667981262521306,-0.1990221378733763,-0.25161936653359995
-0.13366189120068084,-0.2673770362482921,0.6282723806289883,0.23741882294782934
0.144114529399197,-0.16421243534258245,0.18048193471572316,-0.027291411776868557
0.15912502442155052,-0.15848944101334572,0.15640141164874288,-0.04145331621791448
0.0404856020833928,-0.20271061466134377,0.34752837790397795,0.07146439122063963
0.6323253485069857,0.017231968299060485,-0.6064404791335547,-0.4924475433911055
0.35655565603126593,-0.08523456105809624,-0.16192175363947436,-0.2296876217668924
0.6229058627718418,0.013760333394763569,-0.5912331101783741,-0.4834680131516593
-0.04620000675199054,-0.23493069070796135,0.48724958551193986,0.15405724466447723
0.3310991632891349,-0.094701882522086,-0.12089454208206996,-0.20544370945782853
0.2927126712823851,-0.10896316338960776,-0.05901774932882997,-0.16885767459011447
0.09756113329701743,-0.1814908465798828,0.2555372085542946,0.017087458269653633
0.3079444691840909,-0.10324633378578718,-0.08352626701857813,-0.18328109484211708
0.6413233702609518,0.02061055862331318,-0.6209155697061164,-0.5010157144635108
0.19877973654520265,-0.1438748674591861,0.09238672027037653,-0.07935703286396212
-0.04644934557325575,-0.23502330204652822,0.48765153692519747,0.15429488691347237
-0.1356676984447951,-0.2681173744558465,0.6315091172635454,0.2393320541586712
0.360042245349139,-0.08393516613160434,-0.16753900794411924,-0.23300038965402958
0.24641318801765277,-0.12617280885857984,0.015608682261575968,-0.12474445627917374
0.23728372753488403,-0.12974873807170817,0.030181193772206516,-0.1162726350171619
0.26543412107553466,-0.11926283356687306,-0.015173797312791226,-0.14308003824498106
0.03684028067380307,-0.2040647626527905,0.35340453370414004,0.07493843977509407
0.4286511384313709,-0.05844058490950377,-0.27812854342790483,-0.29838925548813133
0.6136926455813441,0.010335940610816108,-0.5763830017373082,-0.47468961304083224
-0.05601453842248971,-0.23858639887940036,0.5030623602641424,0.163407460416493
0.5320971667710463,-0.019991061171027447,-0.44486501864908723,-0.3969456803355518
0.5016595941203421,-0.03104026355024292,-0.3955843428420829,-0.3679926803489102
0.32312132016815487,-0.09764009132189244,-0.10801532083602772,-0.19779455833444404
0.4734831053397177,-0.04177606150886515,-0.3503889148257844,-0.3410972822324039
0.32760361648107805,-0.09610031241526507,-0.11533531450112555,-0.20228909937140838
0.5909504262521712,0.001895877552582803,-0.539715414561327,-0.4530200944689575
0.3039172047320653,-0.10476745225652717,-0.07705355657075641,-0.17948413587643675
0.6786239615997354,0.03443226029176705,-0.6810716718230245,-0.5365570315694144
0.5407791513260667,-0.01676128417309175,-0.45885665896176864,-0.4052162241883137
0.14032020117375277,-0.16560259475714734,0.18661357030359937,-0.023656422404455535
0.11874802412268015,-0.17362109386906344,0.22138399643860263,-0.0031027377335428596
0.4210277606502075,-0.06127499026782046,-0.2658415743871687,-0.2911269431682071
-0.023888250277128265,-0.2266354602004994,0.45129035172548293,0.13280197613482536
0.3032671513872953,-0.10501083520602128,-0.07600713224045652,-0.17886767765095168
0.6681032890888632,0.03057801302691532,-0.6640679027319438,-0.5265328842830173
-0.06606755221835159,-0.24229811412854696,0.5192869310848913,0.1729763082448612
0.4564361472577929,-0.04811230681745693,-0.3229112031530519,-0.3248543965488584
0.3671193780833002,-0.08130896443574231,-0.17894911510820788,-0.23975435871369566
0.47503014575509384,-0.0412010449235829,-0.35288246774279086,-0.3425712231920721
-0.11158173450956177,-0.2592279022053994,0.5926365456528884,0.21635228388484817
0.7746394660803879,0.07015547226669416,-0.8358018629349984,-0.6280408448593533
0.4218958108423567,-0.06095786915895696,-0.2672440010362709,-0.2919736218612703
-0.009862248094041126,-0.2214254090940333,0.42867982302538565,0.11943454384840035
0.3526511145596267,-0.08668884337576621,-0.15563042046608122,-0.2259745633054413
0.6428924341607991,0.021198081453656092,-0.6234407454807454,-0.5025108331696477
0.2567835621267207,-0.12243494427303414,-0.001198441506710335,-0.1347780118603703
0.5824930935346049,-0.0010408808753035181,-0.5259126185711802,-0.4449725887046354
0.41518621174530446,-0.06344420239414861,-0.2564248473695334,-0.28555531575351023
0.009350672663499315,-0.21427682070877063,0.3977169251504207,0.10113571775359209
-0.16997303058657698,-0.28088722640616703,0.6867883312498582,0.2720084835176555
-0.151226543020599,-0.27391427553509384,0.6565764811804113,0.25414963905299937
0.23817067071967224,-0.12906350274469425,0.029028506342138716,-0.1166767545648788
0.25536765872536127,-0.12284239382456219,0.0011768210851017535,-0.1332738645413245
-0.19423081513597706,-0.2899497092961738,0.7258498528073327,0.29510442134154413
0.236309760043659,-0.13002931850171273,0.031814338242907025,-0.1152433814269358
0.404398838697011,-0.06745276635715669,-0.2390369620036017,-0.2752736287378754
0.4381064806247055,-0.05492441952932947,-0.2933677968606774,-0.30738978054787514
0.7728510260086294,0.06949074026374791,-0.8329192158827705,-0.6263368117557331
0.23338107261068375,-0.13104970948528294,0.03658729895936874,-0.11236894883432202
0.05354178326062975,-0.1978517107654083,0.32648881162853205,0.05903422450131823
0.7364301816394079,0.05595489030350498,-0.7742143669889612,-0.5916345725667722
0.07669032177680601,-0.18925627693518088,0.28917139844127604,0.036967662099901544
0.4045995357478924,-0.06737819310029258,-0.2393604653708774,-0.275464947827633
-0.21285061671841232,-0.2968944281612349,0.7558421299285059,0.3128358991787765
0.7354436603281607,0.055588174867332585,-0.7726243066230118,-0.5906946229587249
0.7578447412144458,0.0639149234083265,-0.8087303089218236,-0.6120382589696436
0.3756915078386509,-0.07810108003373673,-0.19275004138172802,-0.2478637386017173
0.11504055493764742,-0.17499587186619348,0.22736200433391995,0.00043243820881277983
0.47096259758457837,-0.042712903465400354,-0.3463263209039853,-0.33869590105551817
0.10089807041958743,-0.1802523745394642,0.2501572158905825,0.013906572667075512
-0.16386645860882698,-0.2786429610928436,0.6769248907450267,0.26618078830864866
0.6613714447993595,0.028072104737607795,-0.6532206245001879,-0.520118389529935
0.45815143850609474,-0.04747469740332755,-0.3256761738194176,-0.32648885858097065
0.21695013621815962,-0.137118212148039,0.06310163248866196,-0.09666625188215261
0.16864897457951789,-0.1550445884720646,0.14097522263385454,-0.050619389686404226
0.5599640216445307,-0.009595178562279427,-0.48974989390427437,-0.42349561690018755
0.1192532401757318,-0.17342931831159314,0.22057254269463256,-0.003580714766783233
0.5271104470286967,-0.021845142686510277,-0.4368279532249304,-0.3921934646397047
0.4569625785727973,-0.047916620512650665,-0.32375978730993515,-0.32535602060149804
0.35835674115037675,-0.08456415497744252,-0.16482401974127936,-0.23140111064133362
0.4617074642303953,-0.046152862901152725,-0.3314083232116638,-0.32987734755010667
0.2912447048802518,-0.10950648443324718,-0.056649728940167954,-0.16745569609404543
-0.02830354909672539,-0.22827578054332598,0.45840606706543463,0.1370090622438771
0.3262384021977538,-0.0966118333904038,-0.11313799872569974,-0.2009937508821229
0.6493910972275858,0.023611540540135367,-0.6339168244168096,-0.508702976174467
0.4651150573166074,-0.04488625750282482,-0.3369010547216331,-0.3331242832899448
0.575703328470744,-0.004031260420977345,-0.515356541524219,-0.4384761745299428
0.13719955191296251,-0.16673412690551714,0.1916658578995094,-0.02065563803480508
0.16585323320684298,-0.15620363204181897,0.14538718558397523,-0.04807418981194833
0.2453088481281036,-0.12654677412613702,0.01741644932826958,-0.12364638532090422
0.04239212305883444,-0.20199588860427253,0.3444603315375512,0.06965460453210204
0.2334027640960672,-0.13103414584382422,0.036557506136899454,-0.11238095787424962
0.06930676930754576,-0.19199692177456518,0.3010746053957327,0.04400502870631806
0.24741609519846874,-0.1257520050100578,0.014029072884428562,-0.1256417385301054
-0.09642729606740907,-0.2536584977230487,0.5681584376329065,0.20190099688047725
0.4101171870504454,-0.06533181746286454,-0.2482567646586782,-0.2807427430432363
0.1774409553656786,-0.15180611663774046,0.1267826650630044,-0.059024568367688435
0.24061761826769756,-0.12833748464929773,0.024941535054434416,-0.11923596871428965
0.23976039229522583,-0.12864463483976718,0.026331956231170572,-0.11840500261991638
0.6687950459807348,0.030836767690529898,-0.665181527324838,-0.5271920649692681
0.07579165810690625,-0.18960102084639674,0.2906116660439695,0.03781640055204449
0.3136331356032602,-0.1011877923903668,-0.09273803524923574,-0.1887909892763424
0.12849857809007714,-0.17003147805047902,0.20564031810573846,-0.012424696239985433
0.6602678277107294,0.027661106800418,-0.6514424583798342,-0.5190668030249097
0.366042663099728,-0.08170697245032921,-0.1772121273510645,-0.23872407317503574
-0.0349342757528901,-0.23073982250076774,0.46909424509072917,0.14332835477167993
0.4578270538024325,-0.04759527728727564,-0.32515328150548206,-0.32617975958149903
0.37674404455020616,-0.07773178000662795,-0.19446243346248782,-0.24892501025673108
0.6081828729353786,0.008282802376873954,-0.5675065332682738,-0.4694406965008693
0.6504334113473218,0.023999535612077016,-0.6355963581797333,-0.5096961306456236
0.13663298115916334,-0.16693910971068338,0.1925834863793887,-0.020110427875168035
0.4884352632554063,-0.03624348772061414,-0.37451017191588876,-0.3553367010556896
0.013894168414974484,-0.21260182391223115,0.390382664157664,0.09679297803975095
0.21792027567209926,-0.13674985804045603,0.06154402766825218,-0.09758180257119498
0.36596013282568585,-0.08173765534525113,-0.1770791080882117,-0.23864543883464506
0.594174614686114,0.003082850905621548,-0.5449220825167924,-0.4560925409273269
0.3958535635746361,-0.07066200709025239,-0.22528482704299724,-0.26727073744477137
0.2249111140481579,-0.13431127802726506,0.05014956882516275,-0.10443417917219455
0.5429015353114226,-0.015974665473599936,-0.46227936251408175,-0.40723962179045037
0.4949808762381951,-0.03377382939595064,-0.38502967706754276,-0.3615830311727337
0.47736251345970704,-0.0403341414682401,-0.3566418257777222,-0.34479341154498955
0.21866546557576116,-0.13648841647630494,0.060330776007088804,-0.09830936698826265
0.13655368294110048,-0.16697692280608223,0.19270472592089583,-0.020042937325234655
-0.017399847985584138,-0.22423560378527663,0.44082153191982587,0.12660578489947394
0.025686302046835197,-0.20820605305138962,0.37138611537704724,0.08557045054272083
-0.14486251812820594,-0.27154211176353593,0.6463242898681532,0.2480890999253622
0.21806302239877473,-0.13669752248387557,0.061313384890514744,-0.09771861900244683
0.820864010098753,0.08733174392364185,-0.9103112977889365,-0.6720850874385598
0.31801261865032604,-0.09957535166985854,-0.0998086271777967,-0.19298954770474985
0.29213879667129117,-0.10917653061777854,-0.05809274241936002,-0.16831087279492785
0.040605572752308694,-0.20266500055185244,0.3473358173552117,0.07135120354346247
0.6584287750319746,0.026976274378678555,-0.6484793030061602,-0.5173144601797084
-0.06264990089370404,-0.24103617134317723,0.5137753964327816,0.16972630021120483
-0.16052265495575435,-0.27744846160719705,0.6714969478701298,0.2629769254069363
0.28529402191071873,-0.11171495516751473,-0.04705544923134619,-0.16178053120682012
0.5116321154444843,-0.027597059032950177,-0.4118785760905588,-0.377445593118239
-0.05475923116579606,-0.23811242157948742,0.501045000636529,0.1622151086213941
0.3249431103108078,-0.09711882360153723,-0.11106995718738877,-0.1998049381292084
0.6244014591681553,0.014316220610606445,-0.593643766890334,-0.4848930132960576
0.7453166533186941,0.05925831043202323,-0.7885373887777454,-0.6001014988017406
0.19776761468819415,-0.14414538921378206,0.09410076120901523,-0.07827932387612213
0.04165091489390371,-0.2022769451099773,0.3456505121887046,0.07035466086145759
0.6615314160151688,0.02813168150101375,-0.6534783711139571,-0.5202708190528482
0.3519976038141117,-0.08693257248591091,-0.15457771606302195,-0.22535387305954457
0.40223207487257806,-0.06825794613611835,-0.23554426910996895,-0.2732082937538529
0.007042277723410484,-0.21514189781331527,0.40143040740617186,0.10332727652356932
0.5714802889054396,-0.005353118103490928,-0.5083438516930889,-0.43446955486576155
0.291834137542774,-0.10928998152450964,-0.05760169277491212,-0.16802079830155536
0.3814180250062511,-0.07599362785436403,-0.20199550174787295,-0.2533759753026006
0.20279049357638357,-0.1423809514984442,0.08592463610850953,-0.08317500565041036
0.28560973461488937,-0.11160352834791665,-0.04756920999491454,-0.16209038737264025
0.38024420365605893,-0.07642683689391072,-0.2001014492505191,-0.2522494139696583
0.44916741726730813,-0.050816516317676586,-0.31119826454560595,-0.3179416583489334
0.44373430248012014,-0.05283420199176492,-0.3024393319760281,-0.3127578669856452
0.4065412496140981,-0.06665671927526251,-0.2424903225866495,-0.27731598492868104
0.4799826340425619,-0.03936030126145518,-0.3608649864185638,-0.34728980079488525
0.1673878248274807,-0.1556350475398891,0.14291232785048824,-0.049538517049064756
0.5808884497739031,-0.002146670764415992,-0.5237489549671646,-0.4434173886135353
0.49029302862853474,-0.035506641198295164,-0.37746530964296143,-0.35711564415876573
0.05109692677470434,-0.19875883499700864,0.3304306281766993,0.06136323247944042
0.11086906674738661,-0.17654998503972896,0.2340828070994334,0.004403649435898105
0.17794310030991944,-0.15162148667222208,0.12597307820265224,-0.05950425499247669
0.036593036399389156,-0.20415658782621104,0.35380309877758465,0.0751740870326878
0.23890364907832495,-0.1289535220017839,0.027720303574094274,-0.11757682834373928
0.4955205362490984,-0.03363210561189467,-0.38594833244585836,-0.36208355928819747
0.5342232424475033,-0.019046800548609744,-0.44816334160887084,-0.39899406269899695
0.4553573334957912,-0.048511493105358516,-0.3211721838764334,-0.323823989894253
0.17374280550154197,-0.15316981144341568,0.1327503037465716,-0.055491047042537156
-0.07525474627288853,-0.24573235282913775,0.5340785499145371,0.181742615843149
0.560825466160257,-0.009313128970863893,-0.49116993632653316,-0.42431738724163526
0.6659878098365322,0.02978615994931255,-0.660662751934995,-0.524517031680888
0.2005169068620838,-0.1432142468809272,0.08959840501187899,-0.08099604690853823
0.16267235884793818,-0.15729715513499354,0.15058399569681336,-0.04495585903671162
0.6812604761656029,0.035432164753110174,-0.6853047703986179,-0.5390686279064032
0.3376166706626822,-0.09227552528278515,-0.1313968591691168,-0.21164657090606553
0.40241861890952935,-0.06818861829329714,-0.23584496363438334,-0.27338607658331604
-0.11407395260040598,-0.2601545310686286,0.5966538817655729,0.2187146565094693
0.3644478723540783,-0.08229984180954886,-0.17464167726778923,-0.23720447879042728
0.2164521218652251,-0.1372547089727707,0.06394254922725962,-0.09613709019698247
0.29551701381191386,-0.1079143846999302,-0.06353395552329255,-0.17152157724130168
0.4713061297006469,-0.04258521710738039,-0.34688003031375936,-0.3390231953496208
-0.123488811083035,-0.26365879951300286,0.6118283718622917,0.22768911708714978
0.25717653568005905,-0.12238685152188133,-0.0019075282614524625,-0.13528029613367165
0.1362413686107129,-0.16709432331737606,0.19320708145198884,-0.019746653180210183
-0.023811231746883266,-0.22660713884909622,0.45116685829208203,0.13272876469759876
0.35998750023623294,-0.08395565177739939,-0.16745086728906844,-0.23294859380287525
0.6452720718298928,0.022078295630491462,-0.6272796291216578,-0.5047782313024192
0.29995376265738805,-0.10623606843224676,-0.07066167864144779,-0.17570200095823507
0.3481931976268682,-0.08834291077711987,-0.1484430901543934,-0.22172043507088857
-0.10752017091046184,-0.25771873778388876,0.5860903574045779,0.21248777807052432
0.2337126708759465,-0.13087999899368663,0.0360893813298111,-0.11262761454001824
0.21788705544111764,-0.13676202880486565,0.061597710465783884,-0.09754995230996655
0.21420789047692734,-0.13808903705536846,0.06755971097611235,-0.09399930652777133
-0.03764070528663277,-0.23174617722098567,0.4734555874654065,0.1459106698646706
-0.2106776812643285,-0.29608599961055493,0.7523404100109756,0.310765853358016
0.26327916912473937,-0.11987253477842708,-0.011552632749095348,-0.1407729127901065
-0.03709789675200925,-0.23154543537609662,0.47258047205758724,0.1453822046490445
0.5287647800258957,-0.021428953888229074,-0.43965874917260583,-0.39376572766466555
0.3128971643763554,-0.10146057877727266,-0.09155120933729677,-0.18808852020076827
0.27611248633475727,-0.11502526680372904,-0.032177248959984084,-0.15290123186782423
-0.16234059278416257,-0.27808244650510616,0.6744601955325351,0.26472450761592103
0.1877824353879043,-0.14791259380581145,0.11015126349794269,-0.0688268718696694
0.29233662084116485,-0.10910299896115094,-0.0584115971360899,-0.16849935198964627
0.0036804659699014586,-0.2164314847719342,0.4068193060881884,0.10648876079652725
0.6953251342731359,0.040728611706184914,-0.7079174308225455,-0.5524709186903451
0.17520459582962267,-0.15263808856965344,0.13038504159970365,-0.05689553823747784
0.6286340715240635,0.01588854942886475,-0.6004670436174069,-0.48892576119057596
0.10051633913896452,-0.18039406037461658,0.25077266686985733,0.014270449144558883
0.5651633144865174,-0.007700847908858721,-0.4981617974796382,-0.42845051142984314
0.4542025663180669,-0.048943629892547635,-0.31931329342051273,-0.3227306111962116
0.3817398366828111,-0.07587417237992478,-0.20251431099609607,-0.25368301503354695
-0.01805052119135686,-0.22447436507996166,0.44187272152431123,0.12722922364941702
0.3582016058010493,-0.08462165381800757,-0.16457384132135155,-0.23125287972044561
0.09036206973407968,-0.18417148499297964,0.2671371624501704,0.023943357261355436
0.6002664138465161,0.005345904531999901,-0.5547421011420499,-0.4618969957046253
0.15970272677302977,-0.15846118810521448,0.15532303634419842,-0.042184979836551006
0.12380551891667979,-0.17173937838809383,0.21323365907889524,-0.007919877864736469
0.18565400778435848,-0.14868161328380447,0.1135992697680146,-0.06677618821842302
0.35085955793040235,-0.08735156999789107,-0.15274055998224378,-0.22426018008588944
0.4654956588968022,-0.044744754287426636,-0.337514607194644,-0.33348694096000076
-0.07407179171610423,-0.24528043993587145,0.5321804698774608,0.18061912080599263
0.30743302455875443,-0.10342680509486923,-0.08269465732238501,-0.1827786052622309
0.10473721928232727,-0.1788280438496046,0.24396730119877885,0.010246921907707485
-0.1596477836388197,-0.276915804233024,0.6702549938894777,0.26222120676615557
0.610717366449187,0.009229539068025927,-0.5715878355855615,-0.4718548272732739
0.715558212449972,0.0481956015504712,-0.7405737271855539,-0.5717481146036154
0.765299182997438,0.06668508908120896,-0.8207459589543331,-0.6191410211872759
0.4197772400780222,-0.0617386901439958,-0.2638254209915787,-0.28993281284532046
0.21314464805602906,-0.13846806763441766,0.06928610270961455,-0.09296840464368095
0.074552748267813,-0.18998794712603928,0.2926666427549012,0.03904926713370238
-0.023483695183820874,-0.22648462788298263,0.45063708198310803,0.1324163105492826
0.2341935486221658,-0.13068890113731935,0.035324024788504715,-0.11307049784480183
0.2589466570989214,-0.12151636360025297,-0.00459502473921658,-0.13668938873153413
0.3891200399120893,-0.07312845679187796,-0.214408075853461,-0.2607047103548996
0.22068524682563062,-0.13562781627599585,0.057161460727288116,-0.10010867104867782
0.6502392292717432,0.02392725142061658,-0.6352834635008524,-0.5095111067780052
0.15745891230452802,-0.15918276014925503,0.15902701489024218,-0.03993638474030803
0.2372271872737277,-0.1297557832922014,0.030283184623842718,-0.11620141902509129
0.46980638212203774,-0.04314265156653985,-0.34446272045499104,-0.3375943369824317
0.33945233587500123,-0.0915953441891344,-0.13435635638204646,-0.21339918845381534
0.2800690888776247,-0.11368103816812414,-0.03865275472623475,-0.15683558228898353
0.29142891156532547,-0.10943048467932592,-0.05694018302412163,-0.16762035288220334
0.4298544934075037,-0.057992930732392756,-0.280067905757194,-0.2995340563219264
0.1952513315763067,-0.14511924716474223,0.09812628543708457,-0.0759237422162733
0.17191523202835013,-0.1536988917387534,0.13581435021409494,-0.05359887995796231
0.3089420716269904,-0.10288445438372062,-0.08514090385964512,-0.18424552816018425
0.10368976652334849,-0.17921734732090178,0.24565566393070815,0.01124499766792475
0.5116201549735291,-0.027601504363334195,-0.4118592982166245,-0.37743419723718485
0.6400229335215084,0.02012075784269296,-0.6188252270462884,-0.49977648473322356
0.45729859516285143,-0.04779171594170162,-0.324301431075364,-0.3256762033146994
0.3993006104466563,-0.06934929085759123,-0.23082112751147976,-0.27042514946135077
0.14149641130832658,-0.16515628135844773,0.1847249257280117,-0.024768176707123057
0.22191038679491548,-0.1352443552778262,0.05513041981158695,-0.10135770482574347
0.2185517798698997,-0.1365042141878483,0.060534820038250725,-0.09817103911457248
0.14178249297238588,-0.16505074501943096,0.18426318603933445,-0.025041526704114414
0.2197451953005729,-0.1360563790930911,0.05861449953860687,-0.09930325759772685
0.5210362841501761,-0.0240913261583533,-0.42702731384561,-0.3864065368648584
0.3120280971136129,-0.10178181055570623,-0.09014906599131711,-0.1872575661818927
0.1430375132964754,-0.1645900392319768,0.18223577719175688,-0.026242934430849463
-0.017198558079490445,-0.22416179558977456,0.4404962968338588,0.1264128660570507
0.5554393155948061,-0.0113142499264276,-0.4824877199158122,-0.41918549544008066
0.7097627006095231,0.04599607507940351,-0.7312685549631435,-0.566261860426083
0.5514336755097167,-0.012836279496209801,-0.4760590130174269,-0.4153650018112085
0.02953379473176554,-0.20677766385834184,0.365183349236853,0.08190288512189303
0.43902888139709173,-0.05458266803595535,-0.2948550070135816,-0.3082733242282354
0.12213741539706624,-0.17236731541744676,0.215915944146031,-0.0063378461408891695
0.34459213578278747,-0.08970849924355351,-0.14265811524824157,-0.21834938194891196
0.2710494048913825,-0.11701413475261879,-0.024099418077441648,-0.14821573111655417
0.15161553520689464,-0.16129204593337132,0.16849589492335948,-0.03430672151701675
0.11750728671995647,-0.1740826214275386,0.22338429326116516,-0.0019205748205433082
0.11951374555439376,-0.1729161659453724,0.22048137246483823,-0.003448822101941751
-0.19436427116397104,-0.2899920757658103,0.7260708430074803,0.2952338314568663
0.5682122873877677,-0.006573413959058305,-0.5030809699826138,-0.4313559497329933
0.5751391492489166,-0.004020614257613353,-0.5142640030951069,-0.4379538830789582
-0.0849481028510608,-0.249325556429719,0.5497102847745694,0.19098112260638933
0.09186010983805137,-0.18361460888878067,0.2647224418343095,0.02251598212231487
-0.010615872543151772,-0.22170924108869183,0.42989157487472696,0.12014847960420183
0.34827987179986764,-0.0883106727824905,-0.14858277314717894,-0.22180295783696535
0.05267145564272413,-0.19817321593879278,0.3278931767992632,0.059864605712561136
0.42620180038761424,-0.059352299755388804,-0.2741814726249523,-0.2960614627192517
-0.23806372434883416,-0.30623657753278044,0.7965051101204983,0.336865034720468
-0.07156715421866489,-0.24433152632310406,0.5281594537498395,0.1782367856227236
0.5257816385708172,-0.022341583035141888,-0.4346882557806777,-0.39092727220130574
0.24221977732741307,-0.127736224648326,0.022363440989562333,-0.12075545278937683
0.20378233552975278,-0.14201624079089248,0.08432280263908831,-0.08412431720844782
0.16071459667864896,-0.15805113074613075,0.1537187519748633,-0.04311620080751877
0.4932226992255957,-0.03444610370013357,-0.38221153497255056,-0.3599032774058821
0.6774904881798427,0.03401106552271105,-0.6792446115079382,-0.5354773914336057
0.2053363206382801,-0.14143255680058786,0.08182615564280327,-0.08559623356214185
0.2246161097751902,-0.13435358267027198,0.05067936605313106,-0.10407117650544873
0.6302282465696762,0.016469914086951976,-0.6030457797850173,-0.49044644810618876
0.6112638090770013,0.00943266916588481,-0.5724685809370662,-0.47237547681601155
0.40619257123675645,-0.06678626861311066,-0.24192828240391862,-0.2769835592552625
0.7989387868176172,0.07918709994286566,-0.874968034572327,-0.6511933269465517
0.6188584706529003,0.01225287489105309,-0.5847123304092343,-0.4796131852065306
0.4165988850314679,-0.06291901012655599,-0.2587017453031073,-0.286900783626864
0.3028570100626764,-0.10516454704229927,-0.07534702364039325,-0.17847896678416064
0.6374631348455597,0.019172769987056748,-0.6146961224917635,-0.49733772935332743
-0.099233145565643,-0.25463853096847133,0.5727327901290704,0.20459136515173348
0.7307113104676597,0.05382654558644551,-0.7649988082909402,-0.5861863397008846
0.10953004430920465,-0.1770412386265563,0.2362461771845641,0.005685400785759853
0.658290129790635,0.026924647610405028,-0.6482559100808714,-0.517182352300027
0.07895031327143198,-0.18841311127993965,0.2855309610615293,0.034816489927080196
-0.06242742560562009,-0.24095552387515218,0.5134154170719574,0.1695160701460212
0.4518322451167418,-0.04982480445863047,-0.31549190702321495,-0.32047242083761973
0.4154821424529309,-0.06333417679028286,-0.25690181326603145,-0.2858371388037688
0.7424452535488786,0.05819076316203842,-0.7839094400536031,-0.5973657065423268
0.2102872534789728,-0.13935973627235843,0.0740249657749057,-0.09005795080535317
0.539140100301198,-0.017373106126299165,-0.4562168311848871,-0.40365540821670276
0.16806610698924662,-0.15538457056733623,0.14181780473045236,-0.05018657158127837
-0.029173865639374297,-0.2285995687849005,0.45980863126614,0.13783795842101432
0.5088260799921698,-0.028639861379894604,-0.40735568847579606,-0.3747720115408686
0.2399029136577706,-0.1285919841461467,0.026101986224005724,-0.11854119999061297
0.7365608147659914,0.05600344964862636,-0.7744249198811439,-0.5917590388841334
0.44672797200917436,-0.05172220315255083,-0.30726520371836186,-0.3156131951884522
0.5729702364212907,-0.0047285275237261,-0.5106865198433932,-0.43589222158452556
-0.1314083506614585,-0.2665441560181514,0.6246363220787001,0.23526982648150319
0.11187697828796028,-0.17617170524084758,0.23246120229133505,0.003446700914600642
0.18770233748632514,-0.14794172488353974,0.11028087034183875,-0.06874989503811713
0.4796350920230803,-0.03948947405741876,-0.36030481126049496,-0.3469586683501875
-0.1393910026051568,-0.26956748498196603,0.6374572494143669,0.24285228979420093
-0.196195953674696,-0.29067702023285147,0.729019947699725,0.2969778886942591
0.5904085987420926,0.0016683049654508952,-0.5388643194294778,-0.4525048162142127
0.08432928178998433,-0.18641180311446393,0.2768616570447582,0.029692859693567275
0.3194591286340225,-0.0990796711991706,-0.10217109854163242,-0.19443880208662612
0.5273074179967152,-0.021775110364414818,-0.43714807797856103,-0.39238106417975094
0.5178526485350357,-0.02527478314805065,-0.42189652981206804,-0.3833736711423117
-0.03850366310654563,-0.23206688879005588,0.47484696261859116,0.14672618999812337
0.30867307134868294,-0.10298173588913406,-0.08470528098959873,-0.18398497097901134
0.039210227900390304,-0.20318450590040227,0.349584157005028,0.072679719473554
0.3076811423051715,-0.10334082729827121,-0.08309931019001593,-0.18302490915284908
0.6363520373000542,0.018758609017107464,-0.6129062922399606,-0.49627902898362763
-0.0012535665483506264,-0.2182529092739296,0.41478179289302664,0.11120276406385332
0.418556793923063,-0.06219196071051325,-0.2618579341713976,-0.2887692317192916
0.2510484734456091,-0.12445317997214356,0.008134717346009346,-0.12916517530674732
0.35296311022682136,-0.08657254241145584,-0.1561330318360976,-0.22627101430205565
-0.05085641282695197,-0.2366573222030497,0.49475800138746817,0.15849767059560516
0.26085869912976256,-0.12080351326278072,-0.007675345580244297,-0.13850839588888997
0.36536011707064886,-0.08196072298751456,-0.17611202207197918,-0.23807373077130256
0.3413475206364409,-0.09092838421835836,-0.13743927869288552,-0.21528629060809945
0.6785909344922774,0.03441998965925208,-0.6810184333105718,-0.5365255718990343
0.13094832430694292,-0.16903567473787895,0.20176050611364404,-0.014680840648725102
0.5091875583505903,-0.028505543230614494,-0.40793835357139985,-0.37511642498636544
0.15384471528503063,-0.16046824582418884,0.1648986825764982,-0.0364359075384173
